latitude,longitude,precip_detection,precip_quantile,tp_rollingmax,drought_quantile,drought_detection,DisNo.,iso,disaster_type,start_date,end_date,event_index,start_drought_days,drought_index,precip_var,year,BARE,BUILT,GRASS-MAN,GRASS-NAT,SHRUBS,TREES,WATER,rank
-15.6,35.9,tp_rollingmax,0.95,0.2464314122465312,0.15,pei_30,2015-0011-MOZ,MOZ,Flood,2015-01-01,2015-02-09,0,40,pei_30,tp_rollingmax,2015,0.0,0.0,38.71495327102804,39.375,11.570093457943925,9.938084112149532,0.4018691588785046,2.0
-15.6,35.8,tp_rollingmax,0.95,0.2590305042532865,0.15,pei_30,2015-0011-MWI,MWI,Flood,2015-01-01,2015-01-21,1,40,pei_30,tp_rollingmax,2015,0.0,0.1705607476635514,74.80140186915888,10.37266355140187,1.0841121495327102,11.963785046728972,1.6074766355140186,2.0
-16.5,34.7,tp_rollingmax,0.95,0.2438487760276976,0.15,pei_90,2015-0030-MWI,MWI,Storm,2015-01-02,2015-01-04,328,40,pei_90,tp_rollingmax,2015,0.0,0.0,28.269767441860463,48.16279069767442,17.06860465116279,6.498837209302326,0.0,2.0
-16.6,31.3,tp_rollingmax,0.95,0.2062002925621403,0.15,pei_90,2015-0030-ZWE,ZWE,Storm,2015-01-02,2015-01-04,329,40,pei_90,tp_rollingmax,2015,0.0,0.0,65.24418604651163,20.123255813953488,3.302325581395349,11.330232558139535,0.0,2.0
-28.3,-71.0,tp_rollingmax,0.95,0.0741256255253321,0.15,pei_90,2015-0106-CHL,CHL,Flood,2015-03-25,2015-04-08,2,40,pei_90,tp_rollingmax,2015,5.997854077253219,0.0,0.0,79.11802575107296,14.88412017167382,0.0,0.0,2.0
24.5,92.2,tp_rollingmax,0.95,0.0857096833075142,0.15,pei_30,2015-0118-IND,IND,Storm,2015-04-04,2015-04-05,332,40,pei_30,tp_rollingmax,2015,0.0,0.0,65.23017621145374,18.833700440528634,0.0,15.93612334801762,0.0,2.0
-22.0,114.7,tp_rollingmax,0.95,0.0851750049826902,0.15,pei_90,2015-0135-AUS,AUS,Storm,2015-03-12,2015-03-15,334,40,pei_90,tp_rollingmax,2015,11.336363636363636,0.0,0.0,75.62727272727273,0.2545454545454545,12.78181818181818,0.0,2.0
-0.6,34.6,tp_rollingmax,0.95,0.0509620027529162,0.15,pei_30,2015-0158-KEN,KEN,Flood,2015-04-04,2015-04-10,3,40,pei_30,tp_rollingmax,2015,0.0,0.0,80.43780487804878,0.1170731707317073,0.0,19.445121951219512,0.0,2.0
31.1,107.5,tp_rollingmax,0.95,0.045599823228487,0.15,pei_90,2015-0160-CHN,CHN,Storm,2015-04-04,2015-04-05,335,40,pei_90,tp_rollingmax,2015,0.0,1.3256302521008403,77.41596638655462,8.440126050420169,0.0,12.547268907563025,0.2710084033613445,2.0
23.1,-82.2,tp_rollingmax,0.95,0.0298019809932311,0.15,pei_30,2015-0168-CUB,CUB,Flood,2015-04-30,2015-04-30,4,40,pei_30,tp_rollingmax,2015,0.0,0.9676339285714286,56.7890625,31.7734375,0.0401785714285714,5.821428571428571,4.608258928571429,2.0
13.3,-88.5,tp_rollingmax,0.95,0.0359488609061487,0.15,pei_90,2015-0198-SLV,SLV,Storm,2015-05-02,2015-05-04,336,40,pei_90,tp_rollingmax,2015,0.0,0.0778301886792452,75.76886792452831,6.932783018867925,0.0,16.326650943396228,0.8938679245283019,2.0
19.3,108.7,tp_rollingmax,0.95,0.1816438391949993,0.15,pei_30,2015-0252-CHN,CHN,Storm,2015-06-22,2015-06-22,337,40,pei_30,tp_rollingmax,2015,0.0,0.7924311926605505,66.22477064220183,16.665137614678898,0.8165137614678899,3.8944954128440368,11.60665137614679,2.0
36.7,53.6,tp_rollingmax,0.95,0.1095603901574202,0.15,pei_30,2015-0258-IRN,IRN,Flood,2015-07-14,2015-07-21,10,40,pei_30,tp_rollingmax,2015,2.0588235294117645,2.0647058823529414,69.52941176470588,21.059803921568623,0.0470588235294117,5.240196078431373,0.0,2.0
54.2,15.9,tp_rollingmax,0.95,0.0274451005672133,0.15,pei_30,2015-0263-POL,POL,Storm,2015-07-19,2015-07-19,338,40,pei_30,tp_rollingmax,2015,0.0,0.2606534090909091,85.9481534090909,11.504261363636363,0.0,2.2869318181818183,0.0,2.0
32.4,71.0,tp_rollingmax,0.95,0.054966419543671,0.15,pei_30,2015-0288-PAK,PAK,Flood,2015-06-25,2015-06-29,14,40,pei_30,tp_rollingmax,2015,0.4081632653061224,0.0,28.26530612244898,71.3265306122449,0.0,0.0,0.0,2.0
18.4,-70.8,tp_rollingmax,0.95,0.1191113031911164,0.15,pei_30,2015-0375-DOM,DOM,Storm,2015-08-28,2015-08-28,340,40,pei_30,tp_rollingmax,2015,0.0,1.511467889908257,79.59174311926606,17.173165137614678,0.4575688073394495,1.2660550458715596,0.0,2.0
18.5,-71.9,tp_rollingmax,0.95,0.0391326772497783,0.15,pei_30,2015-0375-HTI,HTI,Storm,2015-08-29,2015-08-30,341,40,pei_30,tp_rollingmax,2015,3.451834862385321,0.0825688073394495,8.615825688073395,54.65137614678899,8.254587155963304,5.169724770642202,19.77408256880734,2.0
27.9,-82.8,tp_rollingmax,0.95,0.0730947930214558,0.15,pei_90,2015-0399-USA,USA,Flood,2015-07-24,2015-08-05,19,40,pei_90,tp_rollingmax,2015,0.0,83.65665236051503,0.148068669527897,2.829399141630901,0.0,1.5214592274678111,11.844420600858369,2.0
46.2,4.9,tp_rollingmax,0.95,0.0750187250069193,0.15,pei_90,2015-0434-FRA,FRA,Storm,2015-09-16,2015-09-16,345,40,pei_90,tp_rollingmax,2015,0.0,0.4054054054054054,83.11064189189189,6.913851351351352,0.0,9.57010135135135,0.0,2.0
38.1,-1.9,tp_rollingmax,0.95,0.0646191826700822,0.15,pei_90,2015-0447-ESP,ESP,Flood,2015-09-07,2015-09-07,24,40,pei_90,tp_rollingmax,2015,1.6475095785440612,1.2021072796934866,37.21264367816092,53.0507662835249,0.5316091954022989,6.355363984674329,0.0,2.0
43.7,6.9,tp_rollingmax,0.95,0.069329338493718,0.15,pei_90,2015-0451-FRA,FRA,Flood,2015-10-03,2015-10-04,25,40,pei_90,tp_rollingmax,2015,0.7570422535211268,1.091549295774648,54.74119718309859,25.76672535211268,0.7165492957746479,16.926936619718308,0.0,2.0
34.7,-79.2,tp_rollingmax,0.95,0.0999679643940864,0.15,pei_90,2015-0459-USA,USA,Storm,2015-10-01,2015-10-13,346,40,pei_90,tp_rollingmax,2015,0.0,2.014880952380953,71.65079365079364,9.970238095238097,0.0,16.3640873015873,0.0,2.0
41.4,14.7,tp_rollingmax,0.95,0.0254134902214393,0.15,pei_90,2015-0465-ITA,ITA,Flood,2015-10-14,2015-10-16,27,40,pei_90,tp_rollingmax,2015,0.0,0.1153846153846153,76.6025641025641,5.762820512820513,0.0,17.51923076923077,0.0,2.0
21.1,-73.5,tp_rollingmax,0.95,0.0978822704582691,0.15,pei_90,2015-0479-BHS,BHS,Storm,2015-10-01,2015-10-04,348,40,pei_90,tp_rollingmax,2015,0.0,0.0,0.2272727272727272,87.73522727272727,2.981818181818182,3.4318181818181817,5.6238636363636365,2.0
30.0,-90.3,tp_rollingmax,0.95,0.1146244797928094,0.15,pei_90,2015-0488-USA,USA,Storm,2015-10-29,2015-11-03,351,40,pei_90,tp_rollingmax,2015,0.2109704641350211,19.5,6.738396624472574,40.33860759493671,7.666666666666667,13.934599156118145,11.610759493670884,2.0
3.8,43.8,tp_rollingmax,0.95,0.0730733026100507,0.15,pei_30,2015-0544-SOM,SOM,Flood,2015-03-01,2015-04-15,36,40,pei_30,tp_rollingmax,2015,0.0,0.0,0.0,23.48170731707317,76.51829268292683,0.0,0.0,2.0
6.5,40.0,tp_rollingmax,0.95,0.0599798927067666,0.15,pei_90,2016-0101-ETH,ETH,Flood,2016-04-02,2016-04-07,41,40,pei_90,tp_rollingmax,2016,0.0,0.0,0.1195121951219512,73.02926829268293,7.0268292682926825,19.82439024390244,0.0,2.0
-34.6,-56.0,tp_rollingmax,0.95,0.1003162308618088,0.15,pei_90,2016-0115-URY,URY,Flood,2016-04-12,2016-05-11,42,40,pei_90,tp_rollingmax,2016,0.0,0.0,17.31,80.914,0.0,1.776,0.0,2.0
-33.4,-70.5,tp_rollingmax,0.95,0.0815108178601738,0.15,pei_90,2016-0118-CHL,CHL,Flood,2016-04-15,2016-04-18,43,40,pei_90,tp_rollingmax,2016,0.6080808080808081,17.72020202020202,0.404040404040404,62.17878787878788,13.44040404040404,5.643434343434343,0.005050505050505,2.0
6.9,79.9,tp_rollingmax,0.95,0.22445398408144,0.15,pei_90,2016-0153-LKA,LKA,Flood,2016-05-14,2016-05-15,47,40,pei_90,tp_rollingmax,2016,0.0,94.5,0.3268292682926829,3.854878048780488,0.0,0.5341463414634147,0.7841463414634147,2.0
2.2,40.9,tp_rollingmax,0.95,0.1272298873035678,0.15,pei_90,2016-0161-KEN,KEN,Flood,2016-04-29,2016-05-02,48,40,pei_90,tp_rollingmax,2016,0.0,0.0,0.0,74.47073170731707,25.529268292682925,0.0,0.0,2.0
21.5,92.1,tp_rollingmax,0.95,0.0720944827578208,0.15,pei_90,2016-0175-BGD,BGD,Storm,2016-05-21,2016-05-21,357,40,pei_90,tp_rollingmax,2016,0.0,0.0,56.39772727272727,17.886363636363637,10.722727272727273,14.954545454545457,0.0386363636363636,2.0
14.8,9.8,tp_rollingmax,0.95,0.1090329663049962,0.15,pei_90,2016-0219-NER,NER,Flood,2016-06-20,2016-10-15,52,40,pei_90,tp_rollingmax,2016,8.13785046728972,0.0,1.2850467289719627,90.57710280373831,0.0,0.0,0.0,2.0
17.8,95.1,tp_rollingmax,0.95,0.1873694822932012,0.15,pei_90,2016-0232-MMR,MMR,Flood,2016-06-01,2016-06-24,53,40,pei_90,tp_rollingmax,2016,0.0,0.7707373271889401,98.08410138248848,0.2661290322580645,0.0,0.8790322580645161,0.0,2.0
26.3,85.5,tp_rollingmax,0.95,0.0438491677296878,0.15,pei_90,2016-0234-IND,IND,Storm,2016-06-12,2016-06-12,360,40,pei_90,tp_rollingmax,2016,0.0,0.0,98.60326086956522,0.1673913043478261,0.0,0.2010869565217391,1.0282608695652171,2.0
27.9,81.1,tp_rollingmax,0.95,0.0770886189235153,0.15,pei_90,2016-0237-IND,IND,Storm,2016-06-20,2016-06-21,361,40,pei_90,tp_rollingmax,2016,0.0,0.0,99.87446351931332,0.0,0.0,0.1255364806866953,0.0,2.0
-11.3,38.8,tp_rollingmax,0.95,0.0511595569476522,0.15,pei_90,2016-0248-MOZ,MOZ,Flood,2016-01-05,2016-01-29,54,40,pei_90,tp_rollingmax,2016,0.0,0.0,0.0,65.94856459330144,15.370813397129186,18.68062200956938,0.0,2.0
15.8,5.1,tp_rollingmax,0.95,0.0417453359124392,0.15,pei_30,2016-0269-NER,NER,Flood,2016-06-01,2016-09-07,55,40,pei_30,tp_rollingmax,2016,5.9672897196261685,0.0,0.2336448598130841,93.63084112149532,0.1682242990654205,0.0,0.0,2.0
15.0,-1.4,tp_rollingmax,0.95,0.068409543808472,0.15,pei_90,2016-0272-MLI,MLI,Flood,2016-07-11,2016-07-23,56,40,pei_90,tp_rollingmax,2016,0.0,0.0,0.0,100.0,0.0,0.0,0.0,2.0
24.6,81.5,tp_rollingmax,0.95,0.212486208783421,0.15,pei_90,2016-0276-IND,IND,Flood,2016-07-09,2016-08-22,57,40,pei_90,tp_rollingmax,2016,0.0,0.0,100.0,0.0,0.0,0.0,0.0,2.0
14.7,-1.1,tp_rollingmax,0.95,0.0558378153732141,0.15,pei_90,2016-0287-BFA,BFA,Flood,2016-06-21,2016-07-16,58,40,pei_90,tp_rollingmax,2016,19.070093457943926,0.0,7.122663551401869,73.33528037383178,0.0,0.4719626168224299,0.0,2.0
46.0,27.4,tp_rollingmax,0.95,0.09150737986168,0.15,pei_90,2016-0426-ROU,ROU,Flood,2016-10-09,2016-10-16,63,40,pei_90,tp_rollingmax,2016,0.0,1.6114864864864864,91.57432432432432,3.11570945945946,0.0,3.69847972972973,0.0,2.0
45.3,29.7,tp_rollingmax,0.95,0.0805806328435646,0.15,pei_90,2016-0427-UKR,UKR,Flood,2016-10-12,2016-10-16,64,40,pei_90,tp_rollingmax,2016,0.0,0.0,8.113095238095237,63.545918367346935,11.154761904761903,7.187925170068027,9.998299319727892,2.0
13.9,-14.7,tp_rollingmax,0.95,0.2443267068590678,0.15,pei_30,2016-0449-SEN,SEN,Flood,2016-07-01,2016-09-11,65,40,pei_30,tp_rollingmax,2016,0.0,0.0,80.37089201877934,16.365023474178404,3.1173708920187795,0.1467136150234742,0.0,2.0
-20.0,27.1,tp_rollingmax,0.95,0.0280519242700109,0.15,pei_90,2016-0523-ZWE,ZWE,Storm,2016-12-09,2016-12-14,368,40,pei_90,tp_rollingmax,2016,0.0,0.0,0.2193181818181818,61.71477272727272,30.863636363636363,7.202272727272727,0.0,2.0
25.1,68.6,tp_rollingmax,0.95,0.0872237254882074,0.15,pei_90,2016-0554-PAK,PAK,Flood,2016-08-06,2016-08-07,71,40,pei_90,tp_rollingmax,2016,0.0,0.0,98.01762114537443,1.7378854625550662,0.052863436123348,0.0022026431718061,0.1894273127753304,2.0
-19.9,26.8,tp_rollingmax,0.95,0.0989296828813695,0.15,pei_90,2017-0091-ZWE,ZWE,Storm,2017-01-01,2017-03-15,372,40,pei_90,tp_rollingmax,2017,0.0,0.0,0.2164009111617312,80.70501138952164,7.552391799544419,11.52619589977221,0.0,2.0
-18.5,15.9,tp_rollingmax,0.95,0.0940730766824179,0.15,pei_90,2017-0106-NAM,NAM,Flood,2017-01-01,2017-03-15,76,40,pei_90,tp_rollingmax,2017,0.9013761467889908,0.0,9.365825688073397,83.24426605504587,0.2385321100917431,0.1353211009174312,6.114678899082569,2.0
20.7,93.0,tp_rollingmax,0.95,0.1384228641007858,0.15,pei_90,2017-0152-MMR,MMR,Storm,2017-06-01,2017-06-09,376,40,pei_90,tp_rollingmax,2017,0.0,0.0,71.98977272727272,17.37840909090909,0.0,0.3340909090909091,10.297727272727272,2.0
16.4,-95.9,tp_rollingmax,0.95,0.1782946127356704,0.15,pei_90,2017-0168-MEX,MEX,Storm,2017-06-01,2017-06-03,377,40,pei_90,tp_rollingmax,2017,0.0,0.0,0.1709302325581395,81.08023255813953,2.653488372093024,16.095348837209304,0.0,2.0
13.3,10.1,tp_rollingmax,0.95,0.0325892186738955,0.15,pei_90,2017-0186-NER,NER,Flood,2017-06-13,2017-06-19,77,40,pei_90,tp_rollingmax,2017,0.0,0.0,47.595518867924525,52.40448113207548,0.0,0.0,0.0,2.0
-3.0,38.3,tp_rollingmax,0.95,0.1092648633117632,0.15,pei_90,2017-0205-KEN,KEN,Flood,2017-05-08,2017-05-16,80,40,pei_90,tp_rollingmax,2017,0.0,0.0,0.0,33.9390243902439,66.0609756097561,0.0,0.0,2.0
33.7,73.9,tp_rollingmax,0.95,0.1857367582281122,0.15,pei_30,2017-0243-PAK,PAK,Flood,2017-06-26,2017-09-11,83,40,pei_30,tp_rollingmax,2017,0.0,0.0,25.980846774193548,55.55443548387097,0.0,18.464717741935484,0.0,2.0
24.0,71.8,tp_rollingmax,0.95,0.2968397906740073,0.15,pei_30,2017-0257-IND,IND,Flood,2017-06-01,2017-06-30,84,40,pei_30,tp_rollingmax,2017,0.0,0.7766666666666666,99.0,0.2233333333333333,0.0,0.0,0.0,2.0
40.8,116.2,tp_rollingmax,0.95,0.0896657402063846,0.15,pei_90,2017-0261-CHN,CHN,Flood,2017-07-06,2017-07-09,85,40,pei_90,tp_rollingmax,2017,0.0,0.0,29.49172794117647,56.91819852941177,0.0,13.590073529411764,0.0,2.0
24.4,85.1,tp_rollingmax,0.95,0.0785257723010744,0.15,pei_90,2017-0265-IND,IND,Storm,2017-07-08,2017-07-11,380,40,pei_90,tp_rollingmax,2017,0.0,0.0,12.088105726872246,70.25220264317181,0.0,17.659691629955947,0.0,2.0
24.3,72.9,tp_rollingmax,0.95,0.5194468428824293,0.15,pei_30,2017-0294-IND,IND,Flood,2017-06-01,2017-08-15,87,40,pei_30,tp_rollingmax,2017,0.0,0.0805739514348785,37.1037527593819,60.23730684326711,0.3002207505518763,2.2781456953642385,0.0,2.0
24.2,-110.2,tp_rollingmax,0.95,0.1219850781035459,0.15,pei_90,2017-0376-MEX,MEX,Storm,2017-08-30,2017-09-02,381,40,pei_90,tp_rollingmax,2017,0.0,0.0,1.7699115044247788,82.28871681415929,15.736725663716816,0.204646017699115,0.0,2.0
43.0,10.6,tp_rollingmax,0.95,0.0352144112506281,0.15,pei_30,2017-0408-ITA,ITA,Storm,2017-09-09,2017-09-10,393,40,pei_30,tp_rollingmax,2017,4.872340425531915,4.710106382978723,86.302304964539,3.0620567375886525,0.0576241134751773,0.8953900709219859,0.100177304964539,2.0
-28.1,30.6,tp_rollingmax,0.95,0.0327275934219236,0.15,pei_30,2017-0462-ZAF,ZAF,Storm,2017-10-09,2017-10-10,395,40,pei_30,tp_rollingmax,2017,0.0,0.0,12.237124463519311,81.18025751072962,0.2746781115879828,6.30793991416309,0.0,2.0
26.7,84.7,tp_rollingmax,0.95,0.0489647374196721,0.15,pei_30,2017-0569-IND,IND,Storm,2017-05-28,2017-05-28,396,40,pei_30,tp_rollingmax,2017,0.0,0.0,97.98809523809524,0.2727272727272727,0.0,0.0638528138528138,1.675324675324675,2.0
-22.1,24.8,tp_rollingmax,0.95,0.0902862797367456,0.15,pei_90,2018-0103-BWA,BWA,Flood,2018-02-23,2018-03-22,100,40,pei_90,tp_rollingmax,2018,0.0,0.0,0.5670454545454545,83.52272727272727,15.909090909090908,0.0011363636363636,0.0,2.0
3.3,39.4,tp_rollingmax,0.95,0.1272238658222066,0.15,pei_90,2018-0132-KEN,KEN,Flood,2018-03-14,2018-05-31,102,40,pei_90,tp_rollingmax,2018,0.0,0.0,0.0,55.24756097560976,44.452439024390245,0.3,0.0,2.0
3.2,43.3,tp_rollingmax,0.95,0.0541091252947327,0.15,pei_90,2018-0133-SOM,SOM,Flood,2018-04-01,2018-05-31,103,40,pei_90,tp_rollingmax,2018,0.0,0.0,43.70975609756098,10.354878048780488,45.14878048780488,0.7865853658536586,0.0,2.0
22.0,88.0,tp_rollingmax,0.95,0.043411229084269,0.15,pei_90,2018-0149-IND,IND,Storm,2018-05-13,2018-05-16,400,40,pei_90,tp_rollingmax,2018,0.0,0.0613636363636363,93.2840909090909,0.8613636363636363,0.0,0.0,5.793181818181818,2.0
16.5,73.4,tp_rollingmax,0.95,0.0626548651763364,0.15,pei_30,2018-0199-IND,IND,Storm,2018-06-01,2018-06-06,404,40,pei_30,tp_rollingmax,2018,0.0,0.0,22.781395348837208,62.99418604651163,0.0,0.5872093023255814,13.637209302325582,2.0
24.6,82.8,tp_rollingmax,0.95,0.0317499011642661,0.15,pei_30,2018-0202-IND,IND,Storm,2018-06-08,2018-06-12,405,40,pei_30,tp_rollingmax,2018,0.8193832599118943,0.0,80.69383259911895,10.960352422907487,1.4096916299559472,0.0550660792951541,6.061674008810573,2.0
21.7,92.1,tp_rollingmax,0.95,0.1431767590381584,0.15,pei_90,2018-0203-BGD,BGD,Flood,2018-06-05,2018-06-14,104,40,pei_90,tp_rollingmax,2018,0.0,0.0,64.9125,14.492045454545456,2.1931818181818183,13.457954545454545,4.944318181818182,2.0
22.5,95.4,tp_rollingmax,0.95,0.0979695376834437,0.15,pei_90,2018-0203-MMR,MMR,Flood,2018-06-05,2018-06-14,105,40,pei_90,tp_rollingmax,2018,0.0,0.0664414414414414,99.77477477477476,0.1587837837837837,0.0,0.0,0.0,2.0
22.6,74.2,tp_rollingmax,0.95,0.1905487463813458,0.15,pei_30,2018-0205-IND,IND,Flood,2018-06-22,2018-07-03,106,40,pei_30,tp_rollingmax,2018,0.0,0.0,40.5304054054054,54.14752252252252,0.7747747747747747,4.547297297297297,0.0,2.0
22.1,112.6,tp_rollingmax,0.95,0.0298013540866703,0.15,pei_90,2018-0211-CHN,CHN,Flood,2018-05-07,2018-05-14,107,40,pei_90,tp_rollingmax,2018,0.0,0.1375,84.65227272727273,6.875,0.2943181818181818,8.040909090909091,0.0,2.0
22.6,84.8,tp_rollingmax,0.95,0.0340429967428726,0.15,pei_90,2018-0214-IND,IND,Storm,2018-05-28,2018-05-28,407,40,pei_90,tp_rollingmax,2018,0.0,0.0,68.5518018018018,27.574324324324323,0.0,3.873873873873874,0.0,2.0
13.8,13.5,tp_rollingmax,0.95,0.0500425106675101,0.15,pei_90,2018-0232-NER,NER,Flood,2018-06-01,2018-08-31,111,40,pei_90,tp_rollingmax,2018,0.2323113207547169,0.0,7.83254716981132,68.9870283018868,19.057783018867923,3.890330188679245,0.0,2.0
48.3,26.0,tp_rollingmax,0.95,0.0437455417556604,0.15,pei_30,2018-0248-UKR,UKR,Storm,2018-06-28,2018-06-30,408,40,pei_30,tp_rollingmax,2018,0.0,29.104368932038835,47.59142394822006,11.233009708737864,0.0,11.382686084142394,0.6885113268608414,2.0
45.6,112.8,tp_rollingmax,0.95,0.0377603608004841,0.15,pei_30,2018-0249-MNG,MNG,Flood,2018-07-03,2018-07-05,112,40,pei_30,tp_rollingmax,2018,12.159052453468696,0.0,0.1658206429780034,87.6751269035533,0.0,0.0,0.0,2.0
30.2,77.7,tp_rollingmax,0.95,0.0779938527510773,0.15,pei_90,2018-0267-IND,IND,Flood,2018-07-26,2018-07-28,113,40,pei_90,tp_rollingmax,2018,0.0,0.0,95.60189075630252,4.392857142857143,0.0,0.0052521008403361,0.0,2.0
15.6,36.6,tp_rollingmax,0.95,0.0291415518138381,0.15,pei_90,2018-0292-SDN,SDN,Flood,2018-07-23,2018-07-30,114,40,pei_90,tp_rollingmax,2018,6.658878504672897,0.0,1.1658878504672898,91.9322429906542,0.0747663551401869,0.1682242990654205,0.0,2.0
42.3,3.1,tp_rollingmax,0.95,0.0391536326749314,0.15,pei_90,2018-0361-ESP,ESP,Flood,2018-10-09,2018-10-11,115,40,pei_90,tp_rollingmax,2018,0.0770609318996415,3.629032258064516,77.32437275985663,6.68010752688172,8.660394265232975,3.628136200716846,0.0008960573476702,2.0
43.1,2.3,tp_rollingmax,0.95,0.0983686427965067,0.15,pei_90,2018-0375-FRA,FRA,Flood,2018-10-14,2018-10-15,117,40,pei_90,tp_rollingmax,2018,0.0,0.2535460992907801,71.14893617021276,9.312056737588652,0.1329787234042553,19.152482269503547,0.0,2.0
39.9,-8.7,tp_rollingmax,0.95,0.0303767800420249,0.15,pei_90,2018-0376-PRT,PRT,Storm,2018-10-14,2018-10-16,409,40,pei_90,tp_rollingmax,2018,0.4636194029850746,0.4029850746268656,37.3330223880597,42.32369402985075,0.0,19.47667910447761,0.0,2.0
36.5,52.1,tp_rollingmax,0.95,0.1415958739485952,0.15,pei_90,2018-0383-IRN,IRN,Flood,2018-10-05,2018-10-06,118,40,pei_90,tp_rollingmax,2018,0.196078431372549,1.388235294117647,67.95098039215686,15.24313725490196,0.0,15.22156862745098,0.0,2.0
44.8,39.8,tp_rollingmax,0.95,0.0785262760206779,0.15,pei_90,2018-0407-RUS,RUS,Flood,2018-10-24,2018-10-26,123,40,pei_90,tp_rollingmax,2018,0.1487889273356401,4.617647058823529,67.50346020761246,7.179065743944637,0.1427335640138408,19.86159169550173,0.5467128027681661,2.0
-23.8,-67.6,tp_rollingmax,0.95,0.0659296901635916,0.15,pei_90,2019-0091-CHL,CHL,Flood,2019-02-01,2019-02-10,131,40,pei_90,tp_rollingmax,2019,6.246651785714286,0.0,0.0,73.75558035714286,13.928571428571429,0.125,0.0290178571428571,2.0
-21.9,31.1,tp_rollingmax,0.95,0.0699294933239278,0.15,pei_90,2019-0094-ZWE,ZWE,Flood,2019-02-11,2019-02-18,132,40,pei_90,tp_rollingmax,2019,0.0,0.0,0.0,68.55568181818182,16.610227272727272,14.834090909090907,0.0,2.0
1.3,33.0,tp_rollingmax,0.95,0.0293932210036046,0.15,pei_30,2019-0179-UGA,UGA,Flood,2019-04-22,2019-04-23,134,40,pei_30,tp_rollingmax,2019,0.0,0.098780487804878,77.37682926829268,0.8195121951219512,0.1390243902439024,19.78292682926829,1.7829268292682927,2.0
7.0,124.8,tp_rollingmax,0.95,0.0361474233629607,0.15,pei_90,2019-0264-PHL,PHL,Flood,2019-06-03,2019-06-23,141,40,pei_90,tp_rollingmax,2019,0.0,0.0,73.39268292682927,7.426829268292683,0.0,18.95609756097561,0.224390243902439,2.0
10.5,24.6,tp_rollingmax,0.95,0.0358812607084648,0.15,pei_90,2019-0280-SDN,SDN,Flood,2019-06-08,2019-06-18,142,40,pei_90,tp_rollingmax,2019,0.0,0.0,94.35697115384616,1.765625,1.2307692307692308,2.6466346153846154,0.0,2.0
4.5,33.8,tp_rollingmax,0.95,0.0385048640170668,0.15,pei_90,2019-0285-SSD,SSD,Flood,2019-06-05,2019-06-07,143,40,pei_90,tp_rollingmax,2019,0.0,0.0,23.745121951219517,49.25487804878049,23.417073170731708,3.5829268292682928,0.0,2.0
18.7,73.6,tp_rollingmax,0.95,0.1109518036884143,0.15,pei_90,2019-0288-IND,IND,Flood,2019-06-28,2019-07-04,144,40,pei_90,tp_rollingmax,2019,0.0,0.1903669724770642,74.23394495412845,21.803899082568808,2.1961009174311927,1.5756880733944951,0.0,2.0
18.1,73.1,tp_rollingmax,0.95,0.0485176495909584,0.15,pei_30,2019-0321-IND,IND,Storm,2019-06-06,2019-06-14,413,40,pei_30,tp_rollingmax,2019,0.0,0.0898617511520737,59.50230414746544,35.964285714285715,0.6324884792626728,3.799539170506912,0.0115207373271889,2.0
30.1,68.1,tp_rollingmax,0.95,0.1706562982313524,0.15,pei_30,2019-0346-PAK,PAK,Flood,2019-07-16,2019-07-28,145,40,pei_30,tp_rollingmax,2019,0.9493670886075948,0.0,2.9535864978902957,96.0632911392405,0.0337552742616033,0.0,0.0,2.0
24.9,67.2,tp_rollingmax,0.95,0.0547904745193236,0.15,pei_90,2019-0372-PAK,PAK,Flood,2019-07-29,2019-07-31,146,40,pei_90,tp_rollingmax,2019,6.533039647577093,17.16740088105727,40.08810572687225,36.21145374449339,0.0,0.0,0.0,2.0
26.5,67.8,tp_rollingmax,0.95,0.0830313477688528,0.15,pei_90,2019-0386-PAK,PAK,Flood,2019-08-09,2019-08-12,147,40,pei_90,tp_rollingmax,2019,1.3391304347826087,0.0,95.08478260869563,2.6695652173913045,0.2434782608695652,0.0,0.6630434782608695,2.0
48.4,6.1,tp_rollingmax,0.95,0.0305930402431221,0.15,pei_30,2019-0388-FRA,FRA,Storm,2019-08-09,2019-08-09,414,40,pei_30,tp_rollingmax,2019,0.0,0.2726537216828479,39.81715210355987,49.63592233009709,0.0,10.274271844660197,0.0,2.0
15.9,36.1,tp_rollingmax,0.95,0.0682561037787193,0.15,pei_90,2019-0392-SDN,SDN,Flood,2019-07-01,2019-09-06,148,40,pei_90,tp_rollingmax,2019,0.1004672897196261,0.0,67.87383177570094,31.67056074766355,0.1869158878504672,0.1682242990654205,0.0,2.0
37.8,-1.3,tp_rollingmax,0.95,0.1697093928742195,0.15,pei_90,2019-0413-ESP,ESP,Flood,2019-09-11,2019-09-16,149,40,pei_90,tp_rollingmax,2019,11.704633204633204,0.502895752895753,33.108108108108105,48.254826254826256,0.0,6.42953667953668,0.0,2.0
32.3,-95.3,tp_rollingmax,0.95,0.044221499232255,0.15,pei_30,2019-0417-USA,USA,Storm,2019-09-17,2019-09-21,417,40,pei_30,tp_rollingmax,2019,0.2040816326530612,51.06632653061224,3.470408163265306,31.727551020408164,0.0,13.531632653061225,0.0,2.0
-6.8,37.9,tp_rollingmax,0.95,0.0495142028370793,0.15,pei_90,2019-0496-TZA,TZA,Flood,2019-10-02,2019-10-16,158,40,pei_90,tp_rollingmax,2019,0.0,0.0,54.454878048780486,26.75975609756097,0.0,18.785365853658536,0.0,2.0
4.2,41.8,tp_rollingmax,0.95,0.0566649715650807,0.15,pei_30,2019-0500-ETH,ETH,Flood,2019-10-01,2019-10-13,160,40,pei_30,tp_rollingmax,2019,0.0,0.0,0.0,98.73170731707316,1.2682926829268293,0.0,0.0,2.0
44.1,4.1,tp_rollingmax,0.95,0.0791563400062315,0.15,pei_90,2019-0505-FRA,FRA,Flood,2019-10-21,2019-10-24,162,40,pei_90,tp_rollingmax,2019,0.0,15.47197898423818,64.57793345008757,10.309982486865149,0.5525394045534151,9.087565674255693,0.0,2.0
23.7,-98.2,tp_rollingmax,0.95,0.2076351513505687,0.15,pei_30,2019-0519-MEX,MEX,Storm,2019-09-05,2019-09-06,418,40,pei_30,tp_rollingmax,2019,0.0,0.0,71.7265625,7.754464285714286,16.137276785714285,4.190848214285714,0.1908482142857142,2.0
46.7,-0.4,tp_rollingmax,0.95,0.0349317399327795,0.15,pei_90,2019-0533-FRA,FRA,Storm,2019-10-28,2019-11-03,420,40,pei_90,tp_rollingmax,2019,0.0,0.0440199335548172,51.87707641196013,43.90199335548173,0.0,4.027408637873754,0.1495016611295681,2.0
-28.2,30.7,tp_rollingmax,0.95,0.0522154755353174,0.15,pei_30,2019-0548-ZAF,ZAF,Storm,2019-11-11,2019-11-12,421,40,pei_30,tp_rollingmax,2019,0.2145922746781116,0.3229613733905579,27.297210300429185,64.04935622317596,0.5933476394849786,7.51824034334764,0.0042918454935622,2.0
-19.1,44.3,tp_rollingmax,0.95,0.1240661169227911,0.15,pei_30,2019-0601-MDG,MDG,Storm,2019-12-09,2019-12-10,423,40,pei_30,tp_rollingmax,2019,0.2133027522935779,0.0,6.155963302752293,68.38188073394495,3.217889908256881,15.660550458715596,6.370412844036697,2.0
-25.4,28.3,tp_rollingmax,0.95,0.0986631105610753,0.15,pei_90,2019-0607-ZAF,ZAF,Flood,2019-12-02,2019-12-11,167,40,pei_90,tp_rollingmax,2019,0.0,16.00109649122807,0.1611842105263158,70.22697368421052,11.421052631578949,1.793859649122807,0.3958333333333333,2.0
31.1,110.3,tp_rollingmax,0.95,0.0435684576989631,0.15,pei_30,2019-0611-CHN,CHN,Flood,2019-10-15,2019-10-25,168,40,pei_30,tp_rollingmax,2019,0.0,0.0,56.43802521008404,26.607142857142858,0.0,16.95483193277311,0.0,2.0
-16.7,39.2,tp_rollingmax,0.95,0.0544304772971466,0.15,pei_90,2019-0633-MOZ,MOZ,Flood,2019-12-27,2020-01-23,171,40,pei_90,tp_rollingmax,2019,0.4594907407407407,0.167824074074074,39.52546296296296,37.05092592592592,0.4988425925925926,17.71990740740741,4.577546296296297,2.0
-34.1,150.7,tp_rollingmax,0.95,0.2000087107270395,0.15,pei_90,2020-0053-AUS,AUS,Flood,2020-02-04,2020-02-11,180,40,pei_90,tp_rollingmax,2020,0.0,7.428714859437751,6.428714859437751,64.77710843373494,11.055220883534137,10.2570281124498,0.0532128514056224,2.0
-29.7,-66.1,tp_rollingmax,0.95,0.0640892890287587,0.15,pei_90,2020-0092-ARG,ARG,Flood,2020-02-11,2020-02-19,183,40,pei_90,tp_rollingmax,2020,5.379746835443038,0.0,0.0,80.31962025316456,14.300632911392404,0.0,0.0,2.0
15.0,-89.5,tp_rollingmax,0.95,0.0632513273728766,0.15,pei_30,2020-0183-GTM,GTM,Flood,2020-05-09,2020-05-11,188,40,pei_30,tp_rollingmax,2020,0.0,2.9018691588785046,12.35981308411215,72.21144859813084,0.0,12.526869158878505,0.0,2.0
18.1,98.6,tp_rollingmax,0.95,0.0776268018623754,0.15,pei_30,2020-0199-THA,THA,Storm,2020-04-29,2020-05-09,427,40,pei_30,tp_rollingmax,2020,0.0,0.0,76.0552995391705,13.360599078341014,0.314516129032258,9.476958525345625,0.7926267281105991,2.0
16.9,121.3,tp_rollingmax,0.95,0.1097122739508018,0.15,pei_90,2020-0203-PHL,PHL,Storm,2020-05-15,2020-05-17,428,40,pei_90,tp_rollingmax,2020,0.0,0.0,88.15393518518519,0.0,0.0,11.846064814814817,0.0,2.0
22.4,-80.0,tp_rollingmax,0.95,0.0691244414748833,0.15,pei_90,2020-0207-CUB,CUB,Storm,2020-05-25,2020-05-26,429,40,pei_90,tp_rollingmax,2020,0.0,17.44481981981982,40.02252252252252,34.81981981981982,0.0,7.228603603603603,0.4842342342342342,2.0
19.1,73.2,tp_rollingmax,0.95,0.1189931669179638,0.15,pei_30,2020-0217-IND,IND,Storm,2020-06-03,2020-06-03,430,40,pei_30,tp_rollingmax,2020,0.0,0.0,45.19266055045872,47.73623853211009,0.0,6.47591743119266,0.5951834862385321,2.0
14.3,-89.9,tp_rollingmax,0.95,0.0860759058305971,0.15,pei_90,2020-0218-GTM,GTM,Storm,2020-05-30,2020-05-31,431,40,pei_90,tp_rollingmax,2020,0.0,5.413551401869159,12.073598130841122,66.40654205607477,2.539719626168224,13.56658878504673,0.0,2.0
14.2,-87.3,tp_rollingmax,0.95,0.036841864892881,0.15,pei_90,2020-0218-HND,HND,Storm,2020-05-30,2020-05-31,432,40,pei_90,tp_rollingmax,2020,0.0,0.6349765258215962,30.490610328638496,51.875586854460096,0.0,16.998826291079812,0.0,2.0
18.0,-91.4,tp_rollingmax,0.95,0.3664004861805527,0.15,pei_90,2020-0219-MEX,MEX,Storm,2020-06-03,2020-06-03,434,40,pei_90,tp_rollingmax,2020,0.0,0.0887096774193548,76.22811059907833,9.173963133640552,0.0,14.509216589861753,0.0,2.0
16.1,-90.3,tp_rollingmax,0.95,0.0423811279433843,0.15,pei_90,2020-0264-GTM,GTM,Flood,2020-06-17,2020-06-17,194,40,pei_90,tp_rollingmax,2020,0.0,0.0,79.44042056074767,7.133177570093458,0.0,13.426401869158878,0.0,2.0
-28.4,-52.2,tp_rollingmax,0.95,0.1066514098795057,0.15,pei_90,2020-0270-BRA,BRA,Storm,2020-06-30,2020-07-01,436,40,pei_90,tp_rollingmax,2020,0.0,1.6201716738197425,44.002145922746784,35.66523605150215,0.1201716738197424,18.59227467811159,0.0,2.0
47.5,26.2,tp_rollingmax,0.95,0.0258278710637705,0.15,pei_90,2020-0286-ROU,ROU,Flood,2020-06-10,2020-06-26,197,40,pei_90,tp_rollingmax,2020,0.0,2.15625,78.83799342105263,10.19983552631579,0.0,7.046052631578948,1.7598684210526316,2.0
11.7,23.0,tp_rollingmax,0.95,0.2193371505415161,0.15,pei_90,2020-0305-SDN,SDN,Flood,2020-06-01,2020-09-09,200,40,pei_90,tp_rollingmax,2020,0.0,0.0,95.17417061611374,1.9099526066350712,2.695497630331753,0.2203791469194312,0.0,2.0
18.5,-69.2,tp_rollingmax,0.95,0.0890813655323047,0.15,pei_90,2020-0312-DOM,DOM,Storm,2020-07-31,2020-08-02,439,40,pei_90,tp_rollingmax,2020,0.0,0.0,42.62155963302752,39.59862385321101,0.2477064220183486,17.530963302752294,0.0011467889908256,2.0
25.6,-101.2,tp_rollingmax,0.95,0.1197642390593712,0.15,pei_90,2020-0316-MEX,MEX,Storm,2020-07-25,2020-07-26,440,40,pei_90,tp_rollingmax,2020,0.0,0.0,0.0,70.79039301310044,17.495633187772924,11.713973799126638,0.0,2.0
13.9,1.0,tp_rollingmax,0.95,0.1500478566846179,0.15,pei_90,2020-0336-NER,NER,Flood,2020-07-01,2020-09-10,206,40,pei_90,tp_rollingmax,2020,7.81924882629108,0.0,23.440140845070424,68.51525821596245,0.2253521126760563,0.0,0.0,2.0
32.7,70.4,tp_rollingmax,0.95,0.1980759058278338,0.15,pei_90,2020-0357-PAK,PAK,Flood,2020-08-01,2020-09-15,207,40,pei_90,tp_rollingmax,2020,0.0,0.0,1.7195121951219512,93.369918699187,4.9105691056910565,0.0,0.0,2.0
18.1,-73.9,tp_rollingmax,0.95,0.1352084707650244,0.15,pei_90,2020-0376-HTI,HTI,Storm,2020-08-23,2020-08-23,443,40,pei_90,tp_rollingmax,2020,0.0,0.0414746543778801,59.116359447004605,22.57027649769585,1.444700460829493,4.673963133640553,12.153225806451612,2.0
44.8,6.8,tp_rollingmax,0.95,0.0674970270470603,0.15,pei_90,2020-0418-FRA,FRA,Storm,2020-10-02,2020-10-04,444,40,pei_90,tp_rollingmax,2020,19.56920415224913,0.0086505190311418,0.9731833910034602,61.37110726643599,0.0,18.07785467128028,0.0,2.0
34.9,9.8,tp_rollingmax,0.95,0.0604530456288494,0.15,pei_30,2020-0440-TUN,TUN,Flood,2020-09-05,2020-09-12,213,40,pei_30,tp_rollingmax,2020,14.910891089108912,0.3257425742574257,83.46534653465346,1.298019801980198,0.0,0.0,0.0,2.0
12.0,9.9,tp_rollingmax,0.95,0.2145537587432589,0.15,pei_90,2020-0455-NGA,NGA,Flood,2020-06-24,2020-10-31,214,40,pei_90,tp_rollingmax,2020,0.0,0.0,76.15402843601896,23.838862559241708,0.0,0.0071090047393364,0.0,2.0
43.7,3.5,tp_rollingmax,0.95,0.082074447149313,0.15,pei_90,2020-0459-FRA,FRA,Flood,2020-09-19,2020-09-19,216,40,pei_90,tp_rollingmax,2020,0.1514084507042253,0.6188380281690141,52.74823943661972,19.691901408450704,10.919014084507042,15.870598591549296,0.0,2.0
-28.7,28.1,tp_rollingmax,0.95,0.0527718338520118,0.15,pei_90,2020-0489-ZAF,ZAF,Storm,2020-11-17,2020-11-21,446,40,pei_90,tp_rollingmax,2020,0.0,0.0,24.96244635193133,66.18562231759657,1.5858369098712446,7.266094420600858,0.0,2.0
48.2,100.7,tp_rollingmax,0.95,0.1003587551199747,0.15,pei_30,2020-0602-MNG,MNG,Flood,2020-07-08,2020-08-15,223,40,pei_30,tp_rollingmax,2020,0.4886363636363636,0.0,19.0625,74.40665584415585,0.0,6.042207792207792,0.0,2.0
-28.4,19.0,tp_rollingmax,0.95,0.0886903501554889,0.15,pei_30,2021-0013-NAM,NAM,Flood,2021-01-01,2021-01-14,227,40,pei_30,tp_rollingmax,2021,5.44206008583691,0.0,0.0,92.85836909871244,1.6995708154506437,0.0,0.0,2.0
-25.5,-56.1,tp_rollingmax,0.95,0.0401732644446429,0.15,pei_90,2021-0067-PRY,PRY,Flood,2021-01-31,2021-02-02,230,40,pei_90,tp_rollingmax,2021,0.0,0.0524017467248908,7.753275109170306,74.82751091703057,1.9868995633187772,15.37991266375546,0.0,2.0
-36.0,-71.0,tp_rollingmax,0.95,0.068197080810447,0.15,pei_30,2021-0069-CHL,CHL,Storm,2021-01-29,2021-02-02,450,40,pei_30,tp_rollingmax,2021,19.44313725490196,0.0,22.544117647058822,44.08921568627451,7.453921568627451,6.293137254901961,0.1764705882352941,2.0
-28.5,32.0,tp_rollingmax,0.95,0.05451170735746,0.15,pei_30,2021-0075-ZAF,ZAF,Flood,2021-02-01,2021-02-15,231,40,pei_30,tp_rollingmax,2021,0.0,0.0,56.55793991416309,25.11051502145923,3.163090128755365,15.168454935622318,0.0,2.0
-29.3,-65.7,tp_rollingmax,0.95,0.0411536381743813,0.15,pei_90,2021-0140-ARG,ARG,Flood,2021-03-01,2021-03-01,233,40,pei_90,tp_rollingmax,2021,12.373931623931623,0.0,2.02991452991453,73.43910256410257,12.15277777777778,0.0042735042735042,0.0,2.0
0.3,35.5,tp_rollingmax,0.95,0.1587878812615026,0.15,pei_90,2021-0227-KEN,KEN,Flood,2021-04-07,2021-05-30,237,40,pei_90,tp_rollingmax,2021,0.0,0.0,75.4560975609756,7.557317073170732,0.1024390243902439,16.61829268292683,0.2658536585365854,2.0
9.8,43.4,tp_rollingmax,0.95,0.0397555684345881,0.15,pei_30,2021-0239-SOM,SOM,Flood,2021-05-01,2021-05-31,238,40,pei_30,tp_rollingmax,2021,0.0,0.0,92.46514423076924,7.419471153846154,0.1153846153846153,0.0,0.0,2.0
1.6,34.6,tp_rollingmax,0.95,0.0816336909650943,0.15,pei_90,2021-0240-UGA,UGA,Flood,2021-05-06,2021-05-10,239,40,pei_90,tp_rollingmax,2021,0.0,0.0,0.8292682926829268,66.91341463414633,26.2609756097561,5.996341463414634,0.0,2.0
13.7,43.7,tp_rollingmax,0.95,0.0572178079599018,0.15,pei_30,2021-0270-YEM,YEM,Flood,2021-05-01,2021-05-17,240,40,pei_30,tp_rollingmax,2021,9.389150943396226,0.0,10.141509433962264,67.75943396226415,6.643867924528302,6.066037735849057,0.0,2.0
16.3,-96.4,tp_rollingmax,0.95,0.0428873123613874,0.15,pei_90,2021-0274-MEX,MEX,Storm,2021-05-16,2021-05-18,456,40,pei_90,tp_rollingmax,2021,0.0,0.2266355140186916,14.324766355140186,58.90654205607477,11.585280373831775,14.95677570093458,0.0,2.0
20.6,86.8,tp_rollingmax,0.95,0.2383576162498913,0.15,pei_90,2021-0295-IND,IND,Storm,2021-05-25,2021-05-29,458,40,pei_90,tp_rollingmax,2021,0.0,0.0,95.22954545454546,1.2954545454545454,0.0,0.0909090909090909,3.3840909090909093,2.0
18.0,-102.2,tp_rollingmax,0.95,0.1224885028793423,0.15,pei_30,2021-0325-MEX,MEX,Storm,2021-06-18,2021-06-20,459,40,pei_30,tp_rollingmax,2021,0.1152073732718894,22.82373271889401,25.86405529953917,35.025345622119815,0.3974654377880184,12.0,3.774193548387097,2.0
19.7,-105.2,tp_rollingmax,0.95,0.2105548245515947,0.15,pei_90,2021-0359-MEX,MEX,Storm,2021-06-25,2021-06-30,462,40,pei_90,tp_rollingmax,2021,0.0,0.817351598173516,64.02625570776256,22.248858447488583,0.1894977168949771,10.85159817351598,1.866438356164384,2.0
12.5,17.4,tp_rollingmax,0.95,0.051057639142455,0.15,pei_90,2021-0382-TCD,TCD,Flood,2021-06-26,2021-08-31,242,40,pei_90,tp_rollingmax,2021,0.0,0.0,96.30424528301889,3.58372641509434,0.0377358490566037,0.0742924528301886,0.0,2.0
33.3,71.1,tp_rollingmax,0.95,0.1905052716206404,0.15,pei_30,2021-0429-PAK,PAK,Storm,2021-07-19,2021-07-22,470,40,pei_30,tp_rollingmax,2021,0.0,0.0,86.39068825910931,13.609311740890687,0.0,0.0,0.0,2.0
35.2,-111.6,tp_rollingmax,0.95,0.0324762728303751,0.15,pei_30,2021-0442-USA,USA,Flood,2021-07-16,2021-07-21,244,40,pei_30,tp_rollingmax,2021,0.0,2.130905511811024,1.8681102362204725,80.19192913385827,2.236220472440945,13.530511811023622,0.0423228346456692,2.0
15.5,43.3,tp_rollingmax,0.95,0.1165271671919331,0.15,pei_30,2021-0449-YEM,YEM,Flood,2021-07-16,2021-08-07,245,40,pei_30,tp_rollingmax,2021,16.404205607476637,0.0,8.644859813084112,63.34345794392523,8.897196261682243,2.710280373831776,0.0,2.0
34.7,71.3,tp_rollingmax,0.95,0.0678763182193842,0.15,pei_30,2021-0456-PAK,PAK,Flood,2021-07-28,2021-07-29,246,40,pei_30,tp_rollingmax,2021,0.1706349206349206,0.0,72.93154761904762,26.62202380952381,0.1111111111111111,0.1646825396825396,0.0,2.0
14.4,8.1,tp_rollingmax,0.95,0.0728400728737938,0.15,pei_90,2021-0461-NER,NER,Flood,2021-06-15,2021-08-31,247,40,pei_90,tp_rollingmax,2021,7.635514018691588,0.0,48.73014018691589,43.63434579439252,0.0,0.0,0.0,2.0
13.3,24.5,tp_rollingmax,0.95,0.0385370202534775,0.15,pei_90,2021-0473-SDN,SDN,Flood,2021-07-20,2021-09-24,248,40,pei_90,tp_rollingmax,2021,0.0,0.0,19.74174528301887,68.63561320754717,0.3962264150943396,11.226415094339623,0.0,2.0
9.1,31.3,tp_rollingmax,0.95,0.1442878731006191,0.15,pei_90,2021-0481-SSD,SSD,Flood,2021-05-01,2021-10-07,249,40,pei_90,tp_rollingmax,2021,0.0,0.0,0.0,48.1207729468599,37.844202898550726,14.035024154589372,0.0,2.0
9.5,12.3,tp_rollingmax,0.95,0.1499780308751862,0.15,pei_90,2021-0521-NGA,NGA,Flood,2021-07-01,2021-08-31,250,40,pei_90,tp_rollingmax,2021,0.0,0.0,82.38164251207729,4.270531400966184,0.1545893719806763,6.130434782608695,7.06280193236715,2.0
39.2,-1.0,tp_rollingmax,0.95,0.0935669058849921,0.15,pei_30,2021-0561-ESP,ESP,Flood,2021-08-29,2021-09-02,252,40,pei_30,tp_rollingmax,2021,0.0,0.1891385767790262,5.435393258426966,81.96816479400749,0.4559925093632959,10.823033707865168,1.1282771535580525,2.0
40.4,-105.1,tp_rollingmax,0.95,0.0656365752655652,0.15,pei_30,2021-0562-USA,USA,Flood,2021-07-30,2021-08-02,253,40,pei_30,tp_rollingmax,2021,0.0,18.20539033457249,32.984200743494426,41.646840148698885,0.3726765799256505,0.1849442379182156,6.605947955390334,2.0
36.6,4.5,tp_rollingmax,0.95,0.0397796148917111,0.15,pei_90,2021-0700-DZA,DZA,Flood,2021-10-23,2021-10-26,256,40,pei_90,tp_rollingmax,2021,0.0,0.7696078431372549,37.70392156862745,49.37058823529412,0.2637254901960784,11.892156862745098,0.0,2.0
-19.8,-50.8,tp_rollingmax,0.95,0.1033354553512841,0.15,pei_90,2021-0790-BRA,BRA,Flood,2021-11-15,2022-01-16,260,40,pei_90,tp_rollingmax,2021,0.0,0.0570776255707762,39.529680365296805,54.71917808219178,1.4897260273972603,4.204337899543379,0.0,2.0
-17.9,-62.4,tp_rollingmax,0.95,0.0991310589811896,0.15,pei_90,2021-0834-BOL,BOL,Flood,2021-12-18,2022-01-05,262,40,pei_90,tp_rollingmax,2021,0.0,0.0,43.223502304147466,36.64055299539171,3.4527649769585254,16.683179723502302,0.0,2.0
32.2,75.2,tp_rollingmax,0.95,0.216922131757035,0.15,pei_90,2021-0846-PAK,PAK,Flood,2021-07-01,2021-09-30,263,40,pei_90,tp_rollingmax,2021,0.0,0.0,99.99180327868852,0.0,0.0,0.0081967213114754,0.0,2.0
-22.5,-52.6,tp_rollingmax,0.95,0.1567389872082253,0.15,pei_30,2022-0065-BRA,BRA,Flood,2022-01-01,2022-02-04,266,40,pei_30,tp_rollingmax,2022,0.0,0.0,5.171171171171171,94.62049549549548,0.0,0.2083333333333333,0.0,2.0
-23.6,45.4,tp_rollingmax,0.95,0.0643512730390493,0.15,pei_90,2022-0101-MDG,MDG,Storm,2022-02-23,2022-02-24,474,40,pei_90,tp_rollingmax,2022,0.0,0.0,0.8292410714285714,98.25334821428572,0.0,0.9174107142857144,0.0,2.0
9.1,-71.2,tp_rollingmax,0.95,0.1847438651281995,0.15,pei_90,2022-0250-VEN,VEN,Flood,2022-04-25,2022-06-29,267,40,pei_90,tp_rollingmax,2022,0.0,0.0,82.66545893719807,6.393719806763285,0.0,10.940821256038648,0.0,2.0
16.4,-94.5,tp_rollingmax,0.95,0.1876216668847597,0.15,pei_90,2022-0333-MEX,MEX,Storm,2022-05-30,2022-05-31,476,40,pei_90,tp_rollingmax,2022,0.0,0.0523255813953488,39.33953488372093,46.88372093023256,0.0,13.724418604651165,0.0,2.0
22.2,91.1,tp_rollingmax,0.95,0.1090328703335739,0.15,pei_90,2022-0340-BGD,BGD,Flood,2022-05-17,2022-09-30,270,40,pei_90,tp_rollingmax,2022,0.0,0.0,96.25,1.068181818181818,0.0,0.0,2.6818181818181817,2.0
22.3,-83.7,tp_rollingmax,0.95,0.0675774175751831,0.15,pei_90,2022-0366-CUB,CUB,Flood,2022-06-02,2022-06-06,272,40,pei_90,tp_rollingmax,2022,0.0,0.1289592760180995,91.80316742081448,3.3733031674208145,0.0373303167420814,4.268099547511312,0.3891402714932127,2.0
25.7,68.7,tp_rollingmax,0.95,0.2493445790022566,0.15,pei_30,2022-0405-PAK,PAK,Flood,2022-06-14,2022-09-14,273,40,pei_30,tp_rollingmax,2022,0.0,0.1637554585152838,99.67248908296943,0.1637554585152838,0.0,0.0,0.0,2.0
34.1,71.0,tp_rollingmax,0.95,0.0429954100524211,0.15,pei_30,2022-0442-AFG,AFG,Flood,2022-06-30,2022-07-11,274,40,pei_30,tp_rollingmax,2022,4.570281124497992,0.0,12.710843373493976,82.18875502008032,0.5301204819277109,0.0,0.0,2.0
12.8,21.9,tp_rollingmax,0.95,0.0949766523344904,0.15,pei_90,2022-0445-SDN,SDN,Flood,2022-05-10,2022-09-30,276,40,pei_90,tp_rollingmax,2022,0.0,0.0,41.375,58.61320754716981,0.0,0.0117924528301886,0.0,2.0
13.6,4.2,tp_rollingmax,0.95,0.1457802424643183,0.15,pei_90,2022-0446-NER,NER,Flood,2022-06-01,2022-09-30,277,40,pei_90,tp_rollingmax,2022,0.0,0.0,64.59669811320755,35.403301886792455,0.0,0.0,0.0,2.0
53.2,103.5,tp_rollingmax,0.95,0.0400480570810964,0.15,pei_90,2022-0473-RUS,RUS,Flood,2022-07-22,2022-07-25,280,40,pei_90,tp_rollingmax,2022,0.0,0.095203488372093,93.01380813953487,4.598110465116279,0.0726744186046511,2.220203488372093,0.0,2.0
51.3,101.1,tp_rollingmax,0.95,0.038423418613976,0.15,pei_30,2022-0497-MNG,MNG,Flood,2022-06-01,2022-07-26,281,40,pei_30,tp_rollingmax,2022,0.5227963525835866,0.0,11.474924012158056,87.82598784194529,0.0,0.1740121580547112,0.0022796352583586,2.0
15.6,43.4,tp_rollingmax,0.95,0.0845884753097522,0.15,pei_90,2022-0501-YEM,YEM,Flood,2022-08-03,2022-08-08,282,40,pei_90,tp_rollingmax,2022,4.098130841121495,0.0,85.98130841121495,8.406542056074766,0.0747663551401869,1.439252336448598,0.0,2.0
13.2,21.6,tp_rollingmax,0.95,0.1400130689537911,0.15,pei_90,2022-0509-TCD,TCD,Flood,2022-06-06,2022-10-31,283,40,pei_90,tp_rollingmax,2022,0.0,0.0,65.7995283018868,34.200471698113205,0.0,0.0,0.0,2.0
33.1,69.5,tp_rollingmax,0.95,0.0369676801171396,0.15,pei_90,2022-0514-AFG,AFG,Flood,2022-08-16,2022-08-21,284,40,pei_90,tp_rollingmax,2022,0.0,0.0,16.761133603238868,82.3157894736842,0.0,0.9230769230769232,0.0,2.0
44.5,10.8,tp_rollingmax,0.95,0.145628474740357,0.15,pei_30,2022-0525-ITA,ITA,Storm,2022-08-14,2022-08-18,478,40,pei_30,tp_rollingmax,2022,2.9166666666666665,7.486111111111111,73.53472222222223,9.00607638888889,0.0,7.056423611111111,0.0,2.0
24.5,-100.4,tp_rollingmax,0.95,0.0773105047606916,0.15,pei_90,2022-0579-MEX,MEX,Flood,2022-09-03,2022-09-05,285,40,pei_90,tp_rollingmax,2022,0.0,0.0,0.0,85.23348017621146,14.766519823788546,0.0,0.0,2.0
43.8,12.4,tp_rollingmax,0.95,0.0265687461885872,0.15,pei_90,2022-0609-ITA,ITA,Flood,2022-09-15,2022-09-16,287,40,pei_90,tp_rollingmax,2022,0.9841549295774648,0.2367957746478873,77.43397887323944,6.900528169014085,0.0,14.444542253521126,0.0,2.0
15.6,-4.4,tp_rollingmax,0.95,0.0813523957762561,0.15,pei_90,2022-0654-MLI,MLI,Flood,2022-07-01,2022-10-31,289,40,pei_90,tp_rollingmax,2022,14.5607476635514,0.0,4.725467289719626,74.39719626168224,6.168224299065421,0.0,0.1483644859813084,2.0
48.3,3.3,tp_rollingmax,0.95,0.0262646592564893,0.15,pei_90,2022-0697-FRA,FRA,Storm,2022-10-23,2022-10-24,479,40,pei_90,tp_rollingmax,2022,0.0,0.6059870550161812,85.82928802588997,2.559061488673139,0.0,11.005663430420713,0.0,2.0
-1.7,14.8,tp_rollingmax,0.95,0.0633503302374467,0.15,pei_30,2022-0748-COG,COG,Flood,2022-09-01,2022-11-15,292,40,pei_30,tp_rollingmax,2022,0.0,0.0,1.4280487804878048,80.02195121951219,0.0,18.55,0.0,2.0
-13.0,34.3,tp_rollingmax,0.95,0.1235081072563344,0.15,pei_30,2022-0843-MWI,MWI,Flood,2022-11-01,2023-01-15,294,40,pei_30,tp_rollingmax,2022,0.0,0.0,68.12971698113208,6.142688679245283,1.1226415094339623,4.709905660377358,19.89504716981132,2.0
-19.5,-61.9,tp_rollingmax,0.95,0.1029368279093328,0.15,pei_30,2023-0055-BOL,BOL,Flood,2023-01-01,2023-03-16,295,40,pei_30,tp_rollingmax,2023,0.0,0.0,0.0,23.79243119266055,61.45412844036697,14.753440366972477,0.0,2.0
-3.5,-80.2,tp_rollingmax,0.95,0.1967515562569797,0.15,pei_30,2023-0126-ECU,ECU,Flood,2023-01-01,2023-04-23,296,40,pei_30,tp_rollingmax,2023,2.978048780487805,6.119512195121951,16.879268292682926,61.39512195121952,2.96219512195122,8.579268292682928,1.0865853658536586,2.0
-5.2,-80.0,tp_rollingmax,0.95,0.1792377400665637,0.15,pei_90,2023-0137-PER,PER,Flood,2023-01-01,2023-03-29,297,40,pei_90,tp_rollingmax,2023,5.697560975609756,0.2390243902439024,7.404878048780488,81.77682926829269,2.3365853658536584,2.545121951219512,0.0,2.0
2.6,42.5,tp_rollingmax,0.95,0.0430535596838259,0.15,pei_30,2023-0172-SOM,SOM,Flood,2023-03-12,2023-03-24,298,40,pei_30,tp_rollingmax,2023,0.0,0.0,52.24878048780488,40.07682926829269,7.60609756097561,0.0682926829268292,0.0,2.0
7.5,39.1,tp_rollingmax,0.95,0.1873721150489833,0.15,pei_90,2023-0187-ETH,ETH,Flood,2023-03-25,2023-05-12,300,40,pei_90,tp_rollingmax,2023,0.0,0.0,84.10975609756098,1.0378048780487803,0.0,14.852439024390245,0.0,2.0
1.3,35.2,tp_rollingmax,0.95,0.1561533288810245,0.15,pei_30,2023-0187-KEN,KEN,Flood,2023-03-25,2023-03-30,301,40,pei_30,tp_rollingmax,2023,0.0,0.0,52.26219512195122,30.37439024390244,2.026829268292683,15.336585365853658,0.0,2.0
8.3,100.0,tp_rollingmax,0.95,0.0273933860551228,0.15,pei_30,2023-0255-THA,THA,Storm,2023-04-23,2023-04-24,483,40,pei_30,tp_rollingmax,2023,1.8786407766990287,0.0,94.61893203883496,0.3470873786407767,0.0,3.155339805825242,0.0,2.0
21.7,103.4,tp_rollingmax,0.95,0.0504458177316711,0.15,pei_90,2023-0263-VNM,VNM,Flood,2023-04-28,2023-04-30,304,40,pei_90,tp_rollingmax,2023,0.0,0.0,48.69318181818182,29.15681818181818,2.3125,19.8375,0.0,2.0
21.3,92.1,tp_rollingmax,0.95,0.100074477238862,0.15,pei_90,2023-0294-BGD,BGD,Storm,2023-05-13,2023-05-14,485,40,pei_90,tp_rollingmax,2023,0.0,0.0,90.03181818181818,7.539772727272727,0.5159090909090909,1.8863636363636365,0.0261363636363636,2.0
24.9,94.1,tp_rollingmax,0.95,0.0411773655546829,0.15,pei_90,2023-0294-IND,IND,Storm,2023-05-14,2023-05-14,486,40,pei_90,tp_rollingmax,2023,0.0,0.1134361233480176,42.47907488986784,38.57378854625551,0.0881057268722467,18.745594713656388,0.0,2.0
21.4,94.3,tp_rollingmax,0.95,0.2138836224037136,0.15,pei_30,2023-0294-MMR,MMR,Storm,2023-05-14,2023-05-15,487,40,pei_30,tp_rollingmax,2023,0.0,0.0,45.44659090909091,40.75113636363636,0.0,13.802272727272728,0.0,2.0
4.7,45.6,tp_rollingmax,0.95,0.0291947805398354,0.15,pei_90,2023-0295-SOM,SOM,Flood,2023-04-01,2023-05-15,305,40,pei_90,tp_rollingmax,2023,0.0,0.0,0.0,84.33170731707317,15.668292682926827,0.0,0.0,2.0
14.2,-91.1,tp_rollingmax,0.95,0.1730860317004097,0.15,pei_90,2023-0365-GTM,GTM,Flood,2023-05-01,2023-10-11,306,40,pei_90,tp_rollingmax,2023,0.0,0.0,69.17136150234742,22.31572769953052,0.096244131455399,8.416666666666666,0.0,2.0
32.9,74.0,tp_rollingmax,0.95,0.0829455113819997,0.15,pei_90,2023-0428-PAK,PAK,Flood,2023-06-25,2023-09-07,308,40,pei_90,tp_rollingmax,2023,0.0,0.1093117408906882,99.08704453441295,0.8036437246963563,0.0,0.0,0.0,2.0
13.9,1.2,tp_rollingmax,0.95,0.0434007087624332,0.15,pei_90,2023-0457-NER,NER,Flood,2023-07-01,2023-10-15,310,40,pei_90,tp_rollingmax,2023,0.6056338028169014,0.0,33.86267605633803,65.49413145539906,0.0375586854460093,0.0,0.0,2.0
39.7,115.5,tp_rollingmax,0.95,0.2069445970961516,0.15,pei_90,2023-0503-CHN,CHN,Flood,2023-08-01,2023-08-09,311,40,pei_90,tp_rollingmax,2023,0.0,0.0,2.726679104477612,79.64085820895522,0.0,17.632462686567163,0.0,2.0
39.0,69.7,tp_rollingmax,0.95,0.0355361507987708,0.15,pei_30,2023-0570-TJK,TJK,Flood,2023-08-27,2023-08-30,312,40,pei_30,tp_rollingmax,2023,5.933962264150943,0.0,59.10377358490566,34.18207547169811,0.0,0.780188679245283,0.0,2.0
16.4,-13.8,tp_rollingmax,0.95,0.058416852180674,0.15,pei_90,2023-0579-MRT,MRT,Flood,2023-07-30,2023-07-31,313,40,pei_90,tp_rollingmax,2023,2.562790697674419,0.0,0.4651162790697674,96.74883720930232,0.2232558139534883,0.0,0.0,2.0
39.2,-0.9,tp_rollingmax,0.95,0.0969947610942407,0.15,pei_30,2023-0581-ESP,ESP,Flood,2023-09-02,2023-09-04,315,40,pei_30,tp_rollingmax,2023,0.348314606741573,0.0,0.0,72.19569288389513,16.410112359550563,9.75749063670412,1.2883895131086145,2.0
39.2,22.2,tp_rollingmax,0.95,0.264089261562051,0.15,pei_30,2023-0582-GRC,GRC,Flood,2023-09-04,2023-09-07,317,40,pei_30,tp_rollingmax,2023,0.0,0.0,99.48876404494382,0.2818352059925094,0.1161048689138576,0.1132958801498127,0.0,2.0
9.1,46.1,tp_rollingmax,0.95,0.1529510403160406,0.15,pei_30,2023-0741-SOM,SOM,Flood,2023-09-01,2023-11-20,321,40,pei_30,tp_rollingmax,2023,0.1038647342995169,0.0,0.0,85.77053140096618,14.1256038647343,0.0,0.0,2.0
-18.8,-64.3,tp_rollingmax,0.95,0.033760933360476,0.15,pei_30,2023-0783-BOL,BOL,Flood,2023-12-10,2023-12-13,323,40,pei_30,tp_rollingmax,2023,6.311926605504588,0.0,1.569954128440367,71.60779816513761,12.022935779816514,8.487385321100918,0.0,2.0
-4.9,29.8,tp_rollingmax,0.95,0.0713611624313747,0.15,pei_90,2023-0807-TZA,TZA,Flood,2023-10-15,2023-11-23,326,40,pei_90,tp_rollingmax,2023,0.0,0.9182926829268292,51.509756097560974,22.078048780487805,6.03170731707317,19.46219512195122,0.0,2.0
