latitude,longitude,precip_detection,precip_quantile,tp_rollingmax,drought_quantile,drought_detection,DisNo.,iso,disaster_type,start_date,end_date,event_index,start_drought_days,drought_index,precip_var,year,BARE,BUILT,GRASS-MAN,GRASS-NAT,SHRUBS,TREES,WATER,obs_type,has_control,elevation,elevation_diff,lc_distance,drought_index_value
-14.8,38.6,tp_rollingmax,0.95,0.2599408250003877,0.15,pei_90,2015-0011-MOZ,MOZ,Flood,2015-01-01,2015-02-09,0.0,40,pei_90,tp_rollingmax,2015,9.18107476635514,0.0,33.97780373831776,40.61098130841121,0.2324766355140187,15.99766355140187,0.0,event,none,565.0,0.0,0.0,-4.481729030609131
-15.6,35.7,tp_rollingmax,0.95,0.2635062479265342,0.15,pei_30,2015-0011-MWI,MWI,Flood,2015-01-01,2015-01-21,1.0,40,pei_30,tp_rollingmax,2015,0.0,0.058411214953271,69.67990654205607,18.259345794392523,1.588785046728972,10.413551401869158,0.0,event,none,639.0,0.0,0.0,-4.699856281280518
-16.6,34.9,tp_rollingmax,0.95,0.2482653322664737,0.15,pei_90,2015-0030-MWI,MWI,Storm,2015-01-02,2015-01-04,328.0,40,pei_90,tp_rollingmax,2015,0.0,0.0,54.003488372093024,20.2,15.282558139534885,10.513953488372094,0.0,event,none,162.0,0.0,0.0,-5.601346492767334
-16.6,31.2,tp_rollingmax,0.95,0.2143678925986319,0.15,pei_90,2015-0030-ZWE,ZWE,Storm,2015-01-02,2015-01-04,329.0,40,pei_90,tp_rollingmax,2015,0.0,0.0,60.23372093023256,25.57906976744186,1.8651162790697675,12.322093023255814,0.0,event,none,1234.0,0.0,0.0,-5.50511360168457
-28.3,-70.9,tp_rollingmax,0.95,0.0798905191552581,0.15,pei_90,2015-0106-CHL,CHL,Flood,2015-03-25,2015-04-08,2.0,40,pei_90,tp_rollingmax,2015,17.255364806866954,0.0,0.0,69.95493562231759,12.78969957081545,0.0,0.0,event,none,600.0,0.0,0.0,-4.996039390563965
24.2,92.0,tp_rollingmax,0.95,0.0864479886965795,0.15,pei_30,2015-0118-IND,IND,Storm,2015-04-04,2015-04-05,332.0,40,pei_30,tp_rollingmax,2015,0.0,0.0,50.08738938053097,32.85176991150443,0.1592920353982301,16.90154867256637,0.0,event,none,48.0,0.0,0.0,-3.2784218788146973
-21.9,114.7,tp_rollingmax,0.95,0.1148694007746738,0.15,pei_90,2015-0135-AUS,AUS,Storm,2015-03-12,2015-03-15,334.0,40,pei_90,tp_rollingmax,2015,5.570454545454545,0.0,0.0,81.12272727272727,0.0727272727272727,12.963636363636365,0.2704545454545454,event,none,3.0,0.0,0.0,-7.674189567565918
-0.6,34.5,tp_rollingmax,0.95,0.0544736860778293,0.15,pei_30,2015-0158-KEN,KEN,Flood,2015-04-04,2015-04-10,3.0,40,pei_30,tp_rollingmax,2015,0.0,0.0548780487804878,71.39268292682927,8.81829268292683,0.074390243902439,19.659756097560976,0.0,event,P_only,1297.0,0.0,0.0,-4.152810096740723
31.1,107.6,tp_rollingmax,0.95,0.0458837868396659,0.15,pei_90,2015-0160-CHN,CHN,Storm,2015-04-04,2015-04-05,335.0,40,pei_90,tp_rollingmax,2015,0.0,0.1974789915966386,85.94747899159664,4.628151260504202,0.0,9.22689075630252,0.0,event,none,496.0,0.0,0.0,0.1637040078639984
23.1,-82.1,tp_rollingmax,0.95,0.0392532365186374,0.15,pei_30,2015-0168-CUB,CUB,Flood,2015-04-30,2015-04-30,4.0,40,pei_30,tp_rollingmax,2015,0.0,0.5803571428571429,58.9140625,22.089285714285715,0.0,15.920758928571429,2.4955357142857144,event,D_only,45.0,0.0,0.0,-4.424959659576416
13.4,-88.4,tp_rollingmax,0.95,0.0370382203275472,0.15,pei_90,2015-0198-SLV,SLV,Storm,2015-05-02,2015-05-04,336.0,40,pei_90,tp_rollingmax,2015,0.0,0.6096698113207547,70.9622641509434,13.976415094339623,0.0,14.451650943396226,0.0,event,D_only,601.0,0.0,0.0,-4.7380499839782715
18.6,110.0,tp_rollingmax,0.95,0.2015848975589561,0.15,pei_90,2015-0252-CHN,CHN,Storm,2015-06-22,2015-06-22,337.0,40,pei_90,tp_rollingmax,2015,0.0,0.0,70.19954128440367,13.444954128440369,1.165137614678899,15.189220183486238,0.0011467889908256,event,none,180.0,0.0,0.0,-1.8678749799728394
36.7,53.7,tp_rollingmax,0.95,0.1119015446765145,0.15,pei_30,2015-0258-IRN,IRN,Flood,2015-07-14,2015-07-21,10.0,40,pei_30,tp_rollingmax,2015,1.7647058823529411,0.2127450980392156,51.90490196078432,29.70098039215686,0.0784313725490196,16.169607843137253,0.1686274509803921,event,none,58.0,0.0,0.0,-4.120670318603516
53.8,15.2,tp_rollingmax,0.95,0.0277892220748392,0.15,pei_30,2015-0263-POL,POL,Storm,2015-07-19,2015-07-19,338.0,40,pei_30,tp_rollingmax,2015,0.0,0.9544797687861272,67.96026011560694,12.519508670520231,0.0,18.565751445086704,0.0,event,none,38.0,0.0,0.0,-1.9360837936401367
32.3,71.0,tp_rollingmax,0.95,0.056378541898926,0.15,pei_30,2015-0288-PAK,PAK,Flood,2015-06-25,2015-06-29,14.0,40,pei_30,tp_rollingmax,2015,7.4346938775510205,0.0,73.46530612244898,18.887755102040817,0.2122448979591836,0.0,0.0,event,none,437.0,0.0,0.0,-4.606409549713135
18.4,-70.9,tp_rollingmax,0.95,0.1211583288098681,0.15,pei_30,2015-0375-DOM,DOM,Storm,2015-08-28,2015-08-28,340.0,40,pei_30,tp_rollingmax,2015,0.0,0.0,60.30160550458716,29.501146788990827,0.4908256880733945,9.706422018348624,0.0,event,none,185.0,0.0,0.0,-3.2097721099853516
18.4,-71.9,tp_rollingmax,0.95,0.0423867804752396,0.15,pei_30,2015-0375-HTI,HTI,Storm,2015-08-29,2015-08-30,341.0,40,pei_30,tp_rollingmax,2015,0.8876146788990825,0.0,2.5940366972477062,86.89564220183486,1.5447247706422018,8.077981651376147,0.0,event,none,1915.0,0.0,0.0,-3.4196579456329346
28.3,-82.7,tp_rollingmax,0.95,0.0781374153983847,0.15,pei_90,2015-0399-USA,USA,Flood,2015-07-24,2015-08-05,19.0,40,pei_90,tp_rollingmax,2015,0.0,49.05150214592275,0.8723175965665236,22.16845493562232,2.213519313304721,10.90450643776824,14.78969957081545,event,none,8.0,0.0,0.0,-3.331590414047241
46.3,4.9,tp_rollingmax,0.95,0.0762957613181058,0.15,pei_90,2015-0434-FRA,FRA,Storm,2015-09-16,2015-09-16,345.0,40,pei_90,tp_rollingmax,2015,0.0,7.084175084175084,65.75925925925925,22.02609427609428,0.0,3.808080808080808,1.3223905723905724,event,none,178.0,0.0,0.0,-2.4641189575195312
38.1,-2.0,tp_rollingmax,0.95,0.0660451111072366,0.15,pei_90,2015-0447-ESP,ESP,Flood,2015-09-07,2015-09-07,24.0,40,pei_90,tp_rollingmax,2015,1.753831417624521,0.0737547892720306,46.7183908045977,45.70114942528736,0.7825670498084292,4.9703065134099615,0.0,event,D_only,1176.0,0.0,0.0,-4.111761569976807
43.6,7.0,tp_rollingmax,0.95,0.0704993619211276,0.15,pei_90,2015-0451-FRA,FRA,Flood,2015-10-03,2015-10-04,25.0,40,pei_90,tp_rollingmax,2015,0.0,40.50443262411348,10.305851063829786,30.2145390070922,0.4432624113475177,18.53191489361702,0.0,event,P_only,106.0,0.0,0.0,-2.749840021133423
33.8,-81.2,tp_rollingmax,0.95,0.1404900180042511,0.15,pei_90,2015-0459-USA,USA,Storm,2015-10-01,2015-10-13,346.0,40,pei_90,tp_rollingmax,2015,0.907258064516129,0.1028225806451613,38.474798387096776,44.99193548387097,0.8598790322580645,14.663306451612904,0.0,event,P_only,122.0,0.0,0.0,-3.050572156906128
45.5,16.4,tp_rollingmax,0.95,0.0542934473675646,0.15,pei_90,2015-0465-HRV,HRV,Flood,2015-10-14,2015-10-16,26.0,40,pei_90,tp_rollingmax,2015,0.0,9.321186440677966,67.00254237288135,10.789830508474576,0.1135593220338983,12.28728813559322,0.485593220338983,event,none,97.0,0.0,0.0,-1.7377320528030396
41.2,14.5,tp_rollingmax,0.95,0.0570041227615014,0.15,pei_90,2015-0465-ITA,ITA,Flood,2015-10-14,2015-10-16,27.0,40,pei_90,tp_rollingmax,2015,2.38003663003663,5.492673992673993,66.76465201465201,14.953296703296704,0.0,10.408424908424909,0.0009157509157509,event,none,178.0,0.0,0.0,-3.090644121170044
21.5,-73.0,tp_rollingmax,0.95,0.116540673014184,0.15,pei_90,2015-0479-BHS,BHS,Storm,2015-10-01,2015-10-04,348.0,40,pei_90,tp_rollingmax,2015,0.0,0.0,0.2272727272727272,92.33068181818182,0.1647727272727272,4.560227272727273,2.7170454545454548,event,D_only,7.0,0.0,0.0,-5.074257850646973
30.0,-90.8,tp_rollingmax,0.95,0.1203026808699969,0.15,pei_90,2015-0488-USA,USA,Storm,2015-10-29,2015-11-03,351.0,40,pei_90,tp_rollingmax,2015,0.1814345991561181,1.6265822784810129,72.00738396624473,2.678270042194093,0.0,8.64451476793249,14.86181434599156,event,none,8.0,0.0,0.0,-1.6093991994857788
3.8,43.9,tp_rollingmax,0.95,0.0739914516195294,0.15,pei_30,2015-0544-SOM,SOM,Flood,2015-03-01,2015-04-15,36.0,40,pei_30,tp_rollingmax,2015,0.0,0.0,0.0,10.25609756097561,89.7439024390244,0.0,0.0,event,both,606.0,0.0,0.0,-7.26767110824585
7.8,39.2,tp_rollingmax,0.95,0.0753209873013655,0.15,pei_90,2016-0101-ETH,ETH,Flood,2016-04-02,2016-04-07,41.0,40,pei_90,tp_rollingmax,2016,0.0,0.0,88.95853658536585,0.498780487804878,0.0,10.542682926829269,0.0,event,P_only,2626.0,0.0,0.0,-2.0543978214263916
-34.7,-56.0,tp_rollingmax,0.95,0.1009060341748347,0.15,pei_90,2016-0115-URY,URY,Flood,2016-04-12,2016-05-11,42.0,40,pei_90,tp_rollingmax,2016,0.0,6.350198412698413,22.46626984126984,66.99503968253968,0.6607142857142857,3.5277777777777777,0.0,event,none,47.0,0.0,0.0,-2.701869010925293
-33.3,-70.5,tp_rollingmax,0.95,0.0832181432399855,0.15,pei_90,2016-0118-CHL,CHL,Flood,2016-04-15,2016-04-18,43.0,40,pei_90,tp_rollingmax,2016,1.131578947368421,1.4615384615384617,0.3016194331983806,66.29554655870446,20.946356275303643,9.79251012145749,0.0708502024291498,event,P_only,1444.0,0.0,0.0,-3.809030055999756
24.3,96.5,tp_rollingmax,0.95,0.028223640642269,0.15,pei_30,2016-0138-MMR,MMR,Storm,2016-04-21,2016-04-23,355.0,40,pei_30,tp_rollingmax,2016,0.0,0.0,67.96688741721854,8.48896247240618,0.249448123620309,5.799116997792495,17.495584988962474,event,D_only,98.0,0.0,0.0,-4.026471138000488
6.9,80.0,tp_rollingmax,0.95,0.2292658806640037,0.15,pei_90,2016-0153-LKA,LKA,Flood,2016-05-14,2016-05-15,47.0,40,pei_90,tp_rollingmax,2016,0.0,36.50731707317073,29.21829268292683,19.740243902439023,0.2695121951219512,14.129268292682926,0.1353658536585366,event,P_only,28.0,0.0,0.0,-2.1109163761138916
2.1,40.9,tp_rollingmax,0.95,0.135394006847031,0.15,pei_90,2016-0161-KEN,KEN,Flood,2016-04-29,2016-05-02,48.0,40,pei_90,tp_rollingmax,2016,0.0,0.0,0.0,76.96829268292683,23.03170731707317,0.0,0.0,event,none,265.0,0.0,0.0,-6.807974338531494
21.6,92.1,tp_rollingmax,0.95,0.0722236611895675,0.15,pei_90,2016-0175-BGD,BGD,Storm,2016-05-21,2016-05-21,357.0,40,pei_90,tp_rollingmax,2016,0.0,0.0,69.73068181818182,10.227272727272728,3.0613636363636365,16.68522727272727,0.2954545454545454,event,P_only,33.0,0.0,0.0,-3.8763976097106934
14.8,9.7,tp_rollingmax,0.95,0.1168631125527234,0.15,pei_90,2016-0219-NER,NER,Flood,2016-06-20,2016-10-15,52.0,40,pei_90,tp_rollingmax,2016,8.841121495327103,0.0,7.242990654205608,83.91588785046729,0.0,0.0,0.0,event,D_only,474.0,0.0,0.0,-7.307323932647705
17.7,94.8,tp_rollingmax,0.95,0.2266277938132676,0.15,pei_90,2016-0232-MMR,MMR,Flood,2016-06-01,2016-06-24,53.0,40,pei_90,tp_rollingmax,2016,0.0,0.0,0.0,65.64400921658986,14.722350230414747,19.63364055299539,0.0,event,none,320.0,0.0,0.0,-5.052331447601318
26.3,85.6,tp_rollingmax,0.95,0.0595985189166797,0.15,pei_90,2016-0234-IND,IND,Storm,2016-06-12,2016-06-12,360.0,40,pei_90,tp_rollingmax,2016,0.0,0.0,86.53695652173913,1.8717391304347823,0.0,0.0934782608695652,11.497826086956522,event,D_only,58.0,0.0,0.0,-5.213572978973389
27.9,81.0,tp_rollingmax,0.95,0.0806232241543163,0.15,pei_90,2016-0237-IND,IND,Storm,2016-06-20,2016-06-21,361.0,40,pei_90,tp_rollingmax,2016,1.8240343347639485,0.0,84.57188841201717,6.365879828326181,0.0,0.2253218884120171,7.012875536480687,event,none,132.0,0.0,0.0,-5.218250751495361
-11.4,38.8,tp_rollingmax,0.95,0.0600167520861215,0.15,pei_90,2016-0248-MOZ,MOZ,Flood,2016-01-05,2016-01-29,54.0,40,pei_90,tp_rollingmax,2016,0.0,0.0,0.0,62.89523809523809,19.386904761904763,17.71785714285714,0.0,event,P_only,246.0,0.0,0.0,-5.3081793785095215
15.7,5.3,tp_rollingmax,0.95,0.0438302860967452,0.15,pei_30,2016-0269-NER,NER,Flood,2016-06-01,2016-09-07,55.0,40,pei_30,tp_rollingmax,2016,5.044392523364486,0.0,1.1682242990654206,93.56308411214954,0.2242990654205607,0.0,0.0,event,D_only,529.0,0.0,0.0,-7.310733795166016
15.0,-1.5,tp_rollingmax,0.95,0.0687480134201904,0.15,pei_90,2016-0272-MLI,MLI,Flood,2016-07-11,2016-07-23,56.0,40,pei_90,tp_rollingmax,2016,0.0,0.0,0.2336448598130841,99.76635514018692,0.0,0.0,0.0,event,both,281.0,0.0,0.0,-7.194366931915283
24.6,81.6,tp_rollingmax,0.95,0.2164972558046574,0.15,pei_90,2016-0276-IND,IND,Flood,2016-07-09,2016-08-22,57.0,40,pei_90,tp_rollingmax,2016,0.0,0.0,100.0,0.0,0.0,0.0,0.0,event,none,344.0,0.0,0.0,-5.925600051879883
14.7,-1.2,tp_rollingmax,0.95,0.0560408971402452,0.15,pei_90,2016-0287-BFA,BFA,Flood,2016-06-21,2016-07-16,58.0,40,pei_90,tp_rollingmax,2016,2.946261682242991,0.0,16.054906542056074,80.94042056074767,0.0,0.058411214953271,0.0,event,both,277.0,0.0,0.0,-7.21916389465332
40.6,22.6,tp_rollingmax,0.95,0.029038974922902,0.15,pei_30,2016-0334-GRC,GRC,Flood,2016-09-05,2016-09-08,61.0,40,pei_30,tp_rollingmax,2016,0.0,0.6138888888888889,98.88888888888889,0.4972222222222222,0.0,0.0,0.0,event,D_only,2.0,0.0,0.0,-4.859866619110107
46.2,27.4,tp_rollingmax,0.95,0.0932734854975386,0.15,pei_90,2016-0426-ROU,ROU,Flood,2016-10-09,2016-10-16,63.0,40,pei_90,tp_rollingmax,2016,0.0,1.3260135135135136,90.07516891891892,3.901182432432433,0.0,4.697635135135135,0.0,event,none,205.0,0.0,0.0,-2.874281644821167
45.4,29.6,tp_rollingmax,0.95,0.0809767686871216,0.15,pei_90,2016-0427-UKR,UKR,Flood,2016-10-12,2016-10-16,64.0,40,pei_90,tp_rollingmax,2016,1.0330508474576272,3.6864406779661016,5.311864406779661,61.24322033898305,11.585593220338984,3.448305084745763,13.691525423728814,event,none,0.0,0.0,0.0,-4.217065811157227
14.0,-14.6,tp_rollingmax,0.95,0.2654181989492964,0.15,pei_30,2016-0449-SEN,SEN,Flood,2016-07-01,2016-09-11,65.0,40,pei_30,tp_rollingmax,2016,0.0,0.1631455399061032,57.960093896713616,34.848591549295776,6.863849765258216,0.1643192488262911,0.0,event,D_only,48.0,0.0,0.0,-6.863352298736572
-18.5,-63.2,tp_rollingmax,0.95,0.0257558198109548,0.15,pei_30,2016-0522-BOL,BOL,Flood,2016-11-26,2016-12-05,69.0,40,pei_30,tp_rollingmax,2016,0.0,0.0,14.162844036697248,67.80045871559633,0.2282110091743119,17.80848623853211,0.0,event,none,480.0,0.0,0.0,-4.2752251625061035
-20.0,27.0,tp_rollingmax,0.95,0.0298590301715979,0.15,pei_90,2016-0523-ZWE,ZWE,Storm,2016-12-09,2016-12-14,368.0,40,pei_90,tp_rollingmax,2016,0.0,0.0,0.6704545454545454,68.30340909090908,22.507954545454545,8.518181818181818,0.0,event,none,1018.0,0.0,0.0,-5.617496013641357
25.2,68.6,tp_rollingmax,0.95,0.0900168968462301,0.15,pei_90,2016-0554-PAK,PAK,Flood,2016-08-06,2016-08-07,71.0,40,pei_90,tp_rollingmax,2016,0.0,0.0077092511013215,99.8898678414097,0.1024229074889867,0.0,0.0,0.0,event,D_only,19.0,0.0,0.0,-6.904530048370361
-19.8,26.8,tp_rollingmax,0.95,0.1028272404113481,0.15,pei_90,2017-0091-ZWE,ZWE,Storm,2017-01-01,2017-03-15,372.0,40,pei_90,tp_rollingmax,2017,0.0,0.0,3.038812785388128,74.11529680365297,18.360730593607308,4.485159817351598,0.0,event,none,974.0,0.0,0.0,-5.329405784606934
-18.6,16.0,tp_rollingmax,0.95,0.0957585965333907,0.15,pei_90,2017-0106-NAM,NAM,Flood,2017-01-01,2017-03-15,76.0,40,pei_90,tp_rollingmax,2017,0.2293577981651376,0.0,13.010321100917432,83.95756880733946,0.036697247706422,0.5963302752293578,2.169724770642202,event,D_only,1092.0,0.0,0.0,-6.806612968444824
20.4,92.8,tp_rollingmax,0.95,0.1388887019832139,0.15,pei_90,2017-0152-MMR,MMR,Storm,2017-06-01,2017-06-09,376.0,40,pei_90,tp_rollingmax,2017,0.0613636363636363,0.0,60.36136363636364,19.764772727272728,3.3,3.3613636363636363,13.151136363636365,event,P_only,4.0,0.0,0.0,-3.95661997795105
16.4,-95.8,tp_rollingmax,0.95,0.2103636703897883,0.15,pei_90,2017-0168-MEX,MEX,Storm,2017-06-01,2017-06-03,377.0,40,pei_90,tp_rollingmax,2017,0.0,0.0,0.0,79.12906976744186,3.616279069767442,17.254651162790697,0.0,event,none,662.0,0.0,0.0,-4.671860218048096
13.7,6.3,tp_rollingmax,0.95,0.0332752281347616,0.15,pei_90,2017-0186-NER,NER,Flood,2017-06-13,2017-06-19,77.0,40,pei_90,tp_rollingmax,2017,1.5212264150943395,0.0,44.22287735849056,54.255896226415096,0.0,0.0,0.0,event,D_only,313.0,0.0,0.0,-6.419050693511963
-3.1,38.5,tp_rollingmax,0.95,0.1103949515080242,0.15,pei_90,2017-0205-KEN,KEN,Flood,2017-05-08,2017-05-16,80.0,40,pei_90,tp_rollingmax,2017,0.0,0.0,27.192682926829267,58.37317073170732,14.429268292682927,0.0048780487804878,0.0,event,none,582.0,0.0,0.0,-4.312534809112549
33.6,73.9,tp_rollingmax,0.95,0.2081389321649795,0.15,pei_30,2017-0243-PAK,PAK,Flood,2017-06-26,2017-09-11,83.0,40,pei_30,tp_rollingmax,2017,0.0,0.0,27.545362903225808,59.49193548387097,0.0,12.95866935483871,0.0040322580645161,event,none,1184.0,0.0,0.0,-4.047117233276367
24.0,71.9,tp_rollingmax,0.95,0.2969404098672227,0.15,pei_30,2017-0257-IND,IND,Flood,2017-06-01,2017-06-30,84.0,40,pei_30,tp_rollingmax,2017,0.0,0.0,96.44444444444444,3.555555555555556,0.0,0.0,0.0,event,D_only,69.0,0.0,0.0,-6.8608717918396
40.5,116.2,tp_rollingmax,0.95,0.0904154673806996,0.15,pei_90,2017-0261-CHN,CHN,Flood,2017-07-06,2017-07-09,85.0,40,pei_90,tp_rollingmax,2017,0.0,1.8605947955390327,38.38940520446096,46.14869888475837,0.0,13.601301115241636,0.0,event,none,745.0,0.0,0.0,-2.9676504135131836
24.4,84.9,tp_rollingmax,0.95,0.0866260854670425,0.15,pei_90,2017-0265-IND,IND,Storm,2017-07-08,2017-07-11,380.0,40,pei_90,tp_rollingmax,2017,0.0,0.0,57.62224669603524,34.99669603524229,0.0,7.381057268722467,0.0,event,none,235.0,0.0,0.0,-5.225843906402588
24.1,72.9,tp_rollingmax,0.95,0.527856825968223,0.15,pei_30,2017-0294-IND,IND,Flood,2017-06-01,2017-08-15,87.0,40,pei_30,tp_rollingmax,2017,0.0,0.0,62.63333333333333,28.866666666666667,0.3911111111111111,3.2355555555555555,4.873333333333333,event,D_only,330.0,0.0,0.0,-6.328762054443359
27.5,-112.4,tp_rollingmax,0.95,0.1279789337992473,0.15,pei_90,2017-0376-MEX,MEX,Storm,2017-08-30,2017-09-02,381.0,40,pei_90,tp_rollingmax,2017,0.0,0.0,0.0,82.72532188841201,16.376609442060087,0.898068669527897,0.0,event,none,337.0,0.0,0.0,-5.836793899536133
43.6,10.4,tp_rollingmax,0.95,0.0529161215887191,0.15,pei_30,2017-0408-ITA,ITA,Storm,2017-09-09,2017-09-10,393.0,40,pei_30,tp_rollingmax,2017,3.2411347517730498,4.011524822695035,69.29166666666667,7.102836879432624,0.0,15.955673758865249,0.3971631205673759,event,none,8.0,0.0,0.0,-4.510439395904541
-29.7,30.6,tp_rollingmax,0.95,0.0542581143812295,0.15,pei_90,2017-0462-ZAF,ZAF,Storm,2017-10-09,2017-10-10,395.0,40,pei_90,tp_rollingmax,2017,0.0,0.938818565400844,21.501054852320674,44.65084388185654,14.117088607594935,18.792194092827003,0.0,event,P_only,547.0,0.0,0.0,-1.6694506406784058
24.1,-99.2,tp_rollingmax,0.95,0.0279739067225024,0.15,pei_90,2017-0498-MEX,MEX,Flood,2017-09-26,2017-10-07,95.0,40,pei_90,tp_rollingmax,2017,0.0,0.0,74.12666666666667,6.444444444444445,10.982222222222225,8.446666666666667,0.0,event,P_only,232.0,0.0,0.0,-3.946711540222168
26.6,84.9,tp_rollingmax,0.95,0.0559868121659042,0.15,pei_30,2017-0569-IND,IND,Storm,2017-05-28,2017-05-28,396.0,40,pei_30,tp_rollingmax,2017,0.0,0.7153679653679653,97.5108225108225,0.5487012987012987,0.0,0.0151515151515151,1.20995670995671,event,D_only,70.0,0.0,0.0,-5.504205703735352
-22.0,24.7,tp_rollingmax,0.95,0.0923895717443714,0.15,pei_90,2018-0103-BWA,BWA,Flood,2018-02-23,2018-03-22,100.0,40,pei_90,tp_rollingmax,2018,0.0,0.0,0.0,84.0,16.0,0.0,0.0,event,both,1017.0,0.0,0.0,-5.454254150390625
3.2,39.4,tp_rollingmax,0.95,0.1403252548921342,0.15,pei_90,2018-0132-KEN,KEN,Flood,2018-03-14,2018-05-31,102.0,40,pei_90,tp_rollingmax,2018,0.0,0.0,0.2439024390243902,63.02073170731708,36.72439024390244,0.0109756097560975,0.0,event,D_only,603.0,0.0,0.0,-6.4909868240356445
2.1,42.2,tp_rollingmax,0.95,0.0544753648875388,0.15,pei_90,2018-0133-SOM,SOM,Flood,2018-04-01,2018-05-31,103.0,40,pei_90,tp_rollingmax,2018,0.2097560975609756,0.0,54.50121951219512,35.739024390243905,8.981707317073171,0.5682926829268292,0.0,event,D_only,101.0,0.0,0.0,-6.652486324310303
22.1,88.0,tp_rollingmax,0.95,0.0437407955640315,0.15,pei_90,2018-0149-IND,IND,Storm,2018-05-13,2018-05-16,400.0,40,pei_90,tp_rollingmax,2018,0.0,0.0772727272727272,85.79318181818182,2.988636363636364,0.0,0.0,11.14090909090909,event,D_only,6.0,0.0,0.0,-3.5450565814971924
16.3,73.5,tp_rollingmax,0.95,0.0679773524927237,0.15,pei_30,2018-0199-IND,IND,Storm,2018-06-01,2018-06-06,404.0,40,pei_30,tp_rollingmax,2018,0.0,0.0,54.96495327102804,44.75350467289719,0.0,0.2815420560747663,0.0,event,P_only,87.0,0.0,0.0,-5.285552024841309
26.0,93.9,tp_rollingmax,0.95,0.0883483555124539,0.15,pei_90,2018-0202-IND,IND,Storm,2018-06-08,2018-06-12,405.0,40,pei_90,tp_rollingmax,2018,0.0,0.0,94.89519650655022,1.8111353711790392,0.0,3.2936681222707422,0.0,event,P_only,144.0,0.0,0.0,-1.7420990467071533
21.8,92.1,tp_rollingmax,0.95,0.1539265798868989,0.15,pei_90,2018-0203-BGD,BGD,Flood,2018-06-05,2018-06-14,104.0,40,pei_90,tp_rollingmax,2018,0.0,0.4056818181818182,62.638636363636365,16.31590909090909,8.861363636363636,10.507954545454544,1.2704545454545455,event,none,47.0,0.0,0.0,-3.9584364891052246
18.9,95.1,tp_rollingmax,0.95,0.105703487967047,0.15,pei_90,2018-0203-MMR,MMR,Flood,2018-06-05,2018-06-14,105.0,40,pei_90,tp_rollingmax,2018,0.0,0.0,95.68004587155964,2.528669724770642,0.0,0.4587155963302752,1.3325688073394495,event,none,79.0,0.0,0.0,-4.680919647216797
22.7,74.3,tp_rollingmax,0.95,0.1976721216425593,0.15,pei_30,2018-0205-IND,IND,Flood,2018-06-22,2018-07-03,106.0,40,pei_30,tp_rollingmax,2018,0.0,0.2791479820627802,76.42264573991031,19.11995515695068,0.9147982062780268,0.0426008968609865,3.2208520179372195,event,D_only,354.0,0.0,0.0,-6.832208633422852
24.3,87.8,tp_rollingmax,0.95,0.028977437887264,0.15,pei_90,2018-0209-IND,IND,Storm,2018-05-06,2018-05-09,406.0,40,pei_90,tp_rollingmax,2018,0.4746136865342163,1.533112582781457,93.15673289183223,4.835540838852097,0.0,0.0,0.0,event,none,43.0,0.0,0.0,-3.127760410308838
21.7,108.4,tp_rollingmax,0.95,0.0478908919758554,0.15,pei_90,2018-0211-CHN,CHN,Flood,2018-05-07,2018-05-14,107.0,40,pei_90,tp_rollingmax,2018,0.0,7.5011363636363635,45.38068181818182,21.81022727272727,0.4431818181818182,5.2488636363636365,19.61590909090909,event,none,9.0,0.0,0.0,-1.7181180715560913
22.9,84.7,tp_rollingmax,0.95,0.0346288927068947,0.15,pei_90,2018-0214-IND,IND,Storm,2018-05-28,2018-05-28,407.0,40,pei_90,tp_rollingmax,2018,0.0,0.0,98.31614349775784,1.4327354260089686,0.0,0.2511210762331838,0.0,event,none,587.0,0.0,0.0,-3.9625558853149414
13.8,13.6,tp_rollingmax,0.95,0.053363330524342,0.15,pei_90,2018-0232-NER,NER,Flood,2018-06-01,2018-08-31,111.0,40,pei_90,tp_rollingmax,2018,0.0,0.0,6.577830188679245,73.02594339622641,19.170990566037737,1.1238207547169812,0.1014150943396226,event,D_only,278.0,0.0,0.0,-8.941644668579102
48.4,25.9,tp_rollingmax,0.95,0.0439984061588723,0.15,pei_30,2018-0248-UKR,UKR,Storm,2018-06-28,2018-06-30,408.0,40,pei_30,tp_rollingmax,2018,0.0,3.102750809061489,89.84061488673139,2.870550161812298,0.0,3.629449838187702,0.5566343042071198,event,none,219.0,0.0,0.0,-2.3625006675720215
49.2,107.6,tp_rollingmax,0.95,0.042351044158519,0.15,pei_30,2018-0249-MNG,MNG,Flood,2018-07-03,2018-07-05,112.0,40,pei_30,tp_rollingmax,2018,1.7753968253968253,0.0,2.605555555555556,75.68888888888888,0.0,19.93015873015873,0.0,event,D_only,1263.0,0.0,0.0,-2.159184455871582
29.7,78.2,tp_rollingmax,0.95,0.1462225524630975,0.15,pei_90,2018-0267-IND,IND,Flood,2018-07-26,2018-07-28,113.0,40,pei_90,tp_rollingmax,2018,0.5274261603375527,0.0158227848101265,86.55907172995781,7.561181434599156,0.1856540084388185,0.4335443037974683,4.717299578059071,event,none,262.0,0.0,0.0,-4.590755462646484
15.5,36.6,tp_rollingmax,0.95,0.0291893161493552,0.15,pei_90,2018-0292-SDN,SDN,Flood,2018-07-23,2018-07-30,114.0,40,pei_90,tp_rollingmax,2018,0.0,0.0,8.977803738317757,90.94742990654206,0.0747663551401869,0.0,0.0,event,P_only,801.0,0.0,0.0,-6.886093616485596
42.3,3.2,tp_rollingmax,0.95,0.0426304270741178,0.15,pei_90,2018-0361-ESP,ESP,Flood,2018-10-09,2018-10-11,115.0,40,pei_90,tp_rollingmax,2018,0.0,4.89426523297491,24.43458781362008,28.52867383512545,28.770609318996417,11.454301075268818,1.917562724014337,event,none,58.0,0.0,0.0,-4.078140735626221
43.4,3.0,tp_rollingmax,0.95,0.1070469406275466,0.15,pei_90,2018-0375-FRA,FRA,Flood,2018-10-14,2018-10-15,117.0,40,pei_90,tp_rollingmax,2018,0.0,1.7606382978723405,73.83421985815603,9.934397163120568,7.50354609929078,6.967198581560283,0.0,event,none,143.0,0.0,0.0,-3.5206985473632812
39.9,-8.6,tp_rollingmax,0.95,0.0308257519171954,0.15,pei_90,2018-0376-PRT,PRT,Storm,2018-10-14,2018-10-16,409.0,40,pei_90,tp_rollingmax,2018,0.0,4.026119402985074,51.76119402985075,30.40951492537313,0.6875,13.115671641791044,0.0,event,D_only,321.0,0.0,0.0,-4.123151779174805
36.7,51.1,tp_rollingmax,0.95,0.184270103156876,0.15,pei_90,2018-0383-IRN,IRN,Flood,2018-10-05,2018-10-06,118.0,40,pei_90,tp_rollingmax,2018,1.7323529411764709,1.392156862745098,55.05686274509804,15.45392156862745,0.0,15.298039215686275,11.066666666666666,event,none,-14.0,0.0,0.0,-0.6650223135948181
44.9,39.7,tp_rollingmax,0.95,0.0799169937803524,0.15,pei_90,2018-0407-RUS,RUS,Flood,2018-10-24,2018-10-26,123.0,40,pei_90,tp_rollingmax,2018,0.0,0.0163511187607573,79.8407917383821,6.913941480206541,0.1273666092943201,12.236660929432016,0.8648881239242685,event,D_only,69.0,0.0,0.0,-4.459804534912109
-23.7,-67.5,tp_rollingmax,0.95,0.0684062139919322,0.15,pei_90,2019-0091-CHL,CHL,Flood,2019-02-01,2019-02-10,131.0,40,pei_90,tp_rollingmax,2019,12.966517857142858,0.0,0.0,73.140625,13.803571428571429,0.0892857142857142,0.0,event,P_only,4489.0,0.0,0.0,-3.882915735244751
-22.0,30.9,tp_rollingmax,0.95,0.0764319511368381,0.15,pei_90,2019-0094-ZWE,ZWE,Flood,2019-02-11,2019-02-18,132.0,40,pei_90,tp_rollingmax,2019,0.0,0.0,0.0,35.867045454545455,57.88636363636363,6.2465909090909095,0.0,event,P_only,438.0,0.0,0.0,-4.559564590454102
-28.2,26.3,tp_rollingmax,0.95,0.0439340763600435,0.15,pei_90,2019-0176-ZAF,ZAF,Flood,2019-04-21,2019-04-25,133.0,40,pei_90,tp_rollingmax,2019,0.0,0.0,97.17703862660944,0.76931330472103,0.0,0.4849785407725321,1.5686695278969958,event,P_only,1298.0,0.0,0.0,-4.306798458099365
1.4,32.9,tp_rollingmax,0.95,0.0482451562763557,0.15,pei_30,2019-0179-UGA,UGA,Flood,2019-04-22,2019-04-23,134.0,40,pei_30,tp_rollingmax,2019,0.0,0.0,68.57682926829268,2.820731707317073,0.4780487804878048,13.17560975609756,14.948780487804878,event,none,1044.0,0.0,0.0,-4.294290065765381
6.9,124.4,tp_rollingmax,0.95,0.0440816053493609,0.15,pei_90,2019-0264-PHL,PHL,Flood,2019-06-03,2019-06-23,141.0,40,pei_90,tp_rollingmax,2019,0.0,0.0768292682926829,85.42560975609756,2.0841463414634145,0.0,12.413414634146342,0.0,event,none,394.0,0.0,0.0,0.04733962565660477
10.5,24.5,tp_rollingmax,0.95,0.0367304463204278,0.15,pei_90,2019-0280-SDN,SDN,Flood,2019-06-08,2019-06-18,142.0,40,pei_90,tp_rollingmax,2019,0.0,0.0,26.1875,49.19591346153846,23.79326923076923,0.8233173076923077,0.0,event,D_only,504.0,0.0,0.0,-7.30906343460083
4.4,33.8,tp_rollingmax,0.95,0.047871254572897,0.15,pei_90,2019-0285-SSD,SSD,Flood,2019-06-05,2019-06-07,143.0,40,pei_90,tp_rollingmax,2019,0.0,0.0,30.864634146341466,24.33048780487805,38.76341463414634,6.041463414634146,0.0,event,none,1094.0,0.0,0.0,-5.688958168029785
18.8,73.5,tp_rollingmax,0.95,0.1173206957781366,0.15,pei_90,2019-0288-IND,IND,Flood,2019-06-28,2019-07-04,144.0,40,pei_90,tp_rollingmax,2019,0.0,0.0,49.64678899082569,32.47935779816514,0.5802752293577982,4.037844036697248,13.255733944954128,event,none,652.0,0.0,0.0,-5.193785190582275
18.2,73.1,tp_rollingmax,0.95,0.0507990437723515,0.15,pei_30,2019-0321-IND,IND,Storm,2019-06-06,2019-06-14,413.0,40,pei_30,tp_rollingmax,2019,0.0,0.0,48.69266055045872,31.9908256880734,1.0928899082568808,3.1158256880733943,15.107798165137616,event,D_only,107.0,0.0,0.0,-5.53450870513916
30.2,68.1,tp_rollingmax,0.95,0.2270526506543526,0.15,pei_30,2019-0346-PAK,PAK,Flood,2019-07-16,2019-07-28,145.0,40,pei_30,tp_rollingmax,2019,15.686974789915968,0.0,0.0,83.85924369747899,0.4201680672268907,0.0336134453781512,0.0,event,D_only,1967.0,0.0,0.0,-4.505974292755127
24.9,66.8,tp_rollingmax,0.95,0.0562057266286788,0.15,pei_90,2019-0372-PAK,PAK,Flood,2019-07-29,2019-07-31,146.0,40,pei_90,tp_rollingmax,2019,3.026431718061674,0.1662995594713656,20.373348017621144,74.1079295154185,2.3259911894273126,0.0,0.0,event,D_only,35.0,0.0,0.0,-4.640212059020996
26.3,67.9,tp_rollingmax,0.95,0.0881405442888055,0.15,pei_90,2019-0386-PAK,PAK,Flood,2019-08-09,2019-08-12,147.0,40,pei_90,tp_rollingmax,2019,14.693478260869565,0.0130434782608695,52.79347826086956,21.669565217391305,2.417391304347826,0.0,8.41304347826087,event,none,213.0,0.0,0.0,-5.882771968841553
48.4,6.2,tp_rollingmax,0.95,0.0310901512558743,0.15,pei_30,2019-0388-FRA,FRA,Storm,2019-08-09,2019-08-09,414.0,40,pei_30,tp_rollingmax,2019,0.0,0.3276699029126214,52.81472491909385,34.18446601941748,0.0655339805825242,12.161812297734627,0.4457928802588997,event,none,283.0,0.0,0.0,-3.587399959564209
16.0,36.0,tp_rollingmax,0.95,0.0684079988103936,0.15,pei_90,2019-0392-SDN,SDN,Flood,2019-07-01,2019-09-06,148.0,40,pei_90,tp_rollingmax,2019,13.728971962616823,0.0,2.336448598130841,83.39252336448598,0.5420560747663551,0.0,0.0,event,both,425.0,0.0,0.0,-7.394899368286133
37.5,-1.7,tp_rollingmax,0.95,0.1712603607685928,0.15,pei_90,2019-0413-ESP,ESP,Flood,2019-09-11,2019-09-16,149.0,40,pei_90,tp_rollingmax,2019,6.9652509652509655,0.0,47.8957528957529,38.99034749034749,5.774131274131274,0.3745173745173745,0.0,event,D_only,415.0,0.0,0.0,-5.092899322509766
32.5,-94.7,tp_rollingmax,0.95,0.0484258651619501,0.15,pei_30,2019-0417-USA,USA,Storm,2019-09-17,2019-09-21,417.0,40,pei_30,tp_rollingmax,2019,0.806910569105691,28.771341463414632,1.7916666666666667,49.82520325203252,0.0,18.804878048780488,0.0,event,D_only,89.0,0.0,0.0,-4.20720100402832
-6.9,37.6,tp_rollingmax,0.95,0.0495935756483891,0.15,pei_90,2019-0496-TZA,TZA,Flood,2019-10-02,2019-10-16,158.0,40,pei_90,tp_rollingmax,2019,0.0,0.0792682926829268,58.28780487804878,14.892682926829268,8.548780487804878,15.38658536585366,2.804878048780488,event,P_only,696.0,0.0,0.0,-2.6962475776672363
4.1,41.8,tp_rollingmax,0.95,0.0689244630573859,0.15,pei_90,2019-0500-ETH,ETH,Flood,2019-10-01,2019-10-13,160.0,40,pei_90,tp_rollingmax,2019,0.0,0.0,0.0,99.41463414634148,0.5853658536585366,0.0,0.0,event,P_only,254.0,0.0,0.0,-6.722623348236084
5.0,46.2,tp_rollingmax,0.95,0.0340076417911913,0.15,pei_90,2019-0500-SOM,SOM,Flood,2019-10-01,2019-10-15,161.0,40,pei_90,tp_rollingmax,2019,0.0,0.0,0.0,85.6,14.4,0.0,0.0,event,D_only,221.0,0.0,0.0,-6.8559651374816895
44.2,4.2,tp_rollingmax,0.95,0.0792790070782557,0.15,pei_90,2019-0505-FRA,FRA,Flood,2019-10-21,2019-10-24,162.0,40,pei_90,tp_rollingmax,2019,0.0,1.3146853146853146,74.5979020979021,10.016608391608392,4.050699300699301,9.819055944055943,0.201048951048951,event,none,205.0,0.0,0.0,-3.5178308486938477
23.8,-98.1,tp_rollingmax,0.95,0.2087700059074272,0.15,pei_30,2019-0519-MEX,MEX,Storm,2019-09-05,2019-09-06,418.0,40,pei_30,tp_rollingmax,2019,0.0,0.0,79.74107142857143,1.8560267857142856,1.28125,15.012276785714286,2.109375,event,none,19.0,0.0,0.0,-5.21978235244751
46.6,-0.3,tp_rollingmax,0.95,0.0358614407154262,0.15,pei_90,2019-0533-FRA,FRA,Storm,2019-10-28,2019-11-03,420.0,40,pei_90,tp_rollingmax,2019,0.0,0.4866666666666667,25.614166666666662,69.195,0.0,4.703333333333333,0.0008333333333333,event,none,186.0,0.0,0.0,-2.764176845550537
-28.2,30.6,tp_rollingmax,0.95,0.0525688705696568,0.15,pei_30,2019-0548-ZAF,ZAF,Storm,2019-11-11,2019-11-12,421.0,40,pei_30,tp_rollingmax,2019,0.0922746781115879,0.0,22.17274678111588,70.72424892703863,0.0858369098712446,6.924892703862661,0.0,event,none,1255.0,0.0,0.0,-3.3522136211395264
-19.0,44.6,tp_rollingmax,0.95,0.1255430358973095,0.15,pei_90,2019-0601-MDG,MDG,Storm,2019-12-09,2019-12-10,423.0,40,pei_90,tp_rollingmax,2019,0.0,0.0,0.0,86.51834862385321,0.0,12.988532110091745,0.4931192660550458,event,none,48.0,0.0,0.0,-4.081752777099609
-25.4,28.2,tp_rollingmax,0.95,0.1034926356077503,0.15,pei_90,2019-0607-ZAF,ZAF,Flood,2019-12-02,2019-12-11,167.0,40,pei_90,tp_rollingmax,2019,0.0,16.593201754385966,1.5635964912280702,71.49013157894737,10.072368421052632,0.2807017543859649,0.0,event,none,1094.0,0.0,0.0,-4.753610134124756
31.1,110.4,tp_rollingmax,0.95,0.0445137157245617,0.15,pei_30,2019-0611-CHN,CHN,Flood,2019-10-15,2019-10-25,168.0,40,pei_30,tp_rollingmax,2019,0.0,0.0,60.01260504201681,22.706932773109244,0.0,17.099789915966387,0.180672268907563,event,none,700.0,0.0,0.0,-0.9828987121582031
-16.6,39.1,tp_rollingmax,0.95,0.0587932254774522,0.15,pei_90,2019-0633-MOZ,MOZ,Flood,2019-12-27,2020-01-23,171.0,40,pei_90,tp_rollingmax,2019,0.0,0.0,71.76976744186047,16.674418604651162,0.3069767441860465,11.248837209302325,0.0,event,none,71.0,0.0,0.0,-3.9611449241638184
-34.2,150.6,tp_rollingmax,0.95,0.2034244745624968,0.15,pei_90,2020-0053-AUS,AUS,Flood,2020-02-04,2020-02-11,180.0,40,pei_90,tp_rollingmax,2020,0.0,5.3805220883534135,1.426706827309237,64.28413654618474,10.676706827309236,18.207831325301203,0.0240963855421686,event,none,233.0,0.0,0.0,-4.350519180297852
6.8,-73.0,tp_rollingmax,0.95,0.0361161650588621,0.15,pei_30,2020-0071-COL,COL,Flood,2020-02-26,2020-02-27,182.0,40,pei_30,tp_rollingmax,2020,0.0,1.681707317073171,2.3146341463414632,85.48780487804878,4.1865853658536585,6.329268292682927,0.0,event,none,884.0,0.0,0.0,-0.18571345508098602
-29.6,-66.2,tp_rollingmax,0.95,0.0700523033694972,0.15,pei_90,2020-0092-ARG,ARG,Flood,2020-02-11,2020-02-19,183.0,40,pei_90,tp_rollingmax,2020,1.8625792811839323,0.0,0.2114164904862579,82.55602536997885,15.369978858350953,0.0,0.0,event,P_only,303.0,0.0,0.0,-4.461986064910889
14.9,-89.5,tp_rollingmax,0.95,0.0747864050033158,0.15,pei_30,2020-0183-GTM,GTM,Flood,2020-05-09,2020-05-11,188.0,40,pei_30,tp_rollingmax,2020,0.0,0.5771028037383178,24.18808411214953,61.26401869158879,0.0,13.970794392523365,0.0,event,D_only,468.0,0.0,0.0,-4.04679012298584
18.2,98.6,tp_rollingmax,0.95,0.0777082965263672,0.15,pei_30,2020-0199-THA,THA,Storm,2020-04-29,2020-05-09,427.0,40,pei_30,tp_rollingmax,2020,0.0,0.0837155963302752,73.99311926605505,13.064220183486238,0.0,12.85894495412844,0.0,event,D_only,382.0,0.0,0.0,-4.904694557189941
14.6,121.2,tp_rollingmax,0.95,0.1769520010467456,0.15,pei_30,2020-0203-PHL,PHL,Storm,2020-05-15,2020-05-17,428.0,40,pei_30,tp_rollingmax,2020,0.0,13.449766355140186,56.22780373831776,14.282710280373832,0.0,16.039719626168225,0.0,event,none,153.0,0.0,0.0,-4.2161407470703125
22.3,-80.0,tp_rollingmax,0.95,0.0695858445801008,0.15,pei_90,2020-0207-CUB,CUB,Storm,2020-05-25,2020-05-26,429.0,40,pei_90,tp_rollingmax,2020,0.0,0.0,73.29638009049773,12.675339366515836,0.0,13.639140271493211,0.3891402714932127,event,none,151.0,0.0,0.0,-3.6883065700531006
19.1,73.1,tp_rollingmax,0.95,0.1254867274945326,0.15,pei_30,2020-0217-IND,IND,Storm,2020-06-03,2020-06-03,430.0,40,pei_30,tp_rollingmax,2020,0.0,26.80963302752293,57.3211009174312,15.426605504587156,0.0,0.146788990825688,0.2958715596330275,event,D_only,8.0,0.0,0.0,-5.334533214569092
14.5,-89.8,tp_rollingmax,0.95,0.088379211542693,0.15,pei_90,2020-0218-GTM,GTM,Storm,2020-05-30,2020-05-31,431.0,40,pei_90,tp_rollingmax,2020,0.0,0.5327102803738317,8.110981308411215,75.28504672897196,0.0747663551401869,15.996495327102805,0.0,event,none,1045.0,0.0,0.0,-4.137119770050049
14.1,-87.2,tp_rollingmax,0.95,0.0373501903477817,0.15,pei_90,2020-0218-HND,HND,Storm,2020-05-30,2020-05-31,432.0,40,pei_90,tp_rollingmax,2020,0.0,70.04460093896714,5.334507042253521,16.853286384976524,0.0316901408450704,7.735915492957746,0.0,event,none,1090.0,0.0,0.0,-4.415400981903076
18.1,-91.3,tp_rollingmax,0.95,0.3732799345782701,0.15,pei_90,2020-0219-MEX,MEX,Storm,2020-06-03,2020-06-03,434.0,40,pei_90,tp_rollingmax,2020,0.0,0.0,62.1705069124424,25.23502304147465,0.0,12.59447004608295,0.0,event,none,24.0,0.0,0.0,-5.5070481300354
16.2,-90.4,tp_rollingmax,0.95,0.0443571397171967,0.15,pei_90,2020-0264-GTM,GTM,Flood,2020-06-17,2020-06-17,194.0,40,pei_90,tp_rollingmax,2020,0.0,0.0,63.72780373831776,18.35280373831776,0.0,17.51752336448598,0.4018691588785046,event,P_only,131.0,0.0,0.0,-2.9930875301361084
-28.4,-52.1,tp_rollingmax,0.95,0.1075562502877161,0.15,pei_90,2020-0270-BRA,BRA,Storm,2020-06-30,2020-07-01,436.0,40,pei_90,tp_rollingmax,2020,0.0,0.0,46.011802575107296,38.56008583690987,0.0,15.370171673819742,0.0579399141630901,event,none,696.0,0.0,0.0,-0.3851794898509979
50.4,19.7,tp_rollingmax,0.95,0.0258345243020661,0.15,pei_90,2020-0273-POL,POL,Flood,2020-06-29,2020-07-05,195.0,40,pei_90,tp_rollingmax,2020,0.0,1.5846273291925466,70.2111801242236,9.83307453416149,0.0,18.15217391304348,0.2189440993788819,event,none,403.0,0.0,0.0,-1.025429368019104
47.5,26.1,tp_rollingmax,0.95,0.0276974310248522,0.15,pei_90,2020-0286-ROU,ROU,Flood,2020-06-10,2020-06-26,197.0,40,pei_90,tp_rollingmax,2020,0.0,7.128289473684211,79.45559210526316,10.431743421052632,0.0855263157894736,2.898848684210526,0.0,event,P_only,412.0,0.0,0.0,-0.7053012251853943
11.7,23.1,tp_rollingmax,0.95,0.2196943518771003,0.15,pei_90,2020-0305-SDN,SDN,Flood,2020-06-01,2020-09-09,200.0,40,pei_90,tp_rollingmax,2020,0.0,0.0,97.31042654028435,1.253554502369668,1.3317535545023698,0.1042654028436018,0.0,event,D_only,735.0,0.0,0.0,-7.355635643005371
19.6,-70.0,tp_rollingmax,0.95,0.0970911337624497,0.15,pei_30,2020-0312-DOM,DOM,Storm,2020-07-31,2020-08-02,439.0,40,pei_30,tp_rollingmax,2020,0.0,0.0,27.94977168949772,54.70662100456621,0.0,17.34360730593607,0.0,event,none,197.0,0.0,0.0,-2.47332763671875
25.3,-100.7,tp_rollingmax,0.95,0.1337085173873053,0.15,pei_90,2020-0316-MEX,MEX,Storm,2020-07-25,2020-07-26,440.0,40,pei_90,tp_rollingmax,2020,0.0,0.0,30.176211453744493,52.44823788546256,5.157488986784141,12.21806167400881,0.0,event,P_only,2079.0,0.0,0.0,-2.7558043003082275
49.2,111.9,tp_rollingmax,0.95,0.0256237753718254,0.15,pei_90,2020-0324-MNG,MNG,Flood,2020-07-02,2020-07-04,203.0,40,pei_90,tp_rollingmax,2020,0.0,0.0,21.734126984126984,74.37619047619047,0.0,3.88968253968254,0.0,event,D_only,961.0,0.0,0.0,-2.098839521408081
13.9,1.1,tp_rollingmax,0.95,0.1558950872432018,0.15,pei_90,2020-0336-NER,NER,Flood,2020-07-01,2020-09-10,206.0,40,pei_90,tp_rollingmax,2020,10.539906103286384,0.2593896713615023,27.022300469483568,61.69014084507042,0.488262910798122,0.0,0.0,event,D_only,241.0,0.0,0.0,-6.612805366516113
25.2,70.5,tp_rollingmax,0.95,0.2004443059876852,0.15,pei_90,2020-0357-PAK,PAK,Flood,2020-08-01,2020-09-15,207.0,40,pei_90,tp_rollingmax,2020,1.3259911894273129,0.2940528634361233,40.12665198237885,55.41629955947136,2.8370044052863435,0.0,0.0,event,none,125.0,0.0,0.0,-7.37263822555542
18.2,-73.9,tp_rollingmax,0.95,0.1357675685076778,0.15,pei_90,2020-0376-HTI,HTI,Storm,2020-08-23,2020-08-23,443.0,40,pei_90,tp_rollingmax,2020,0.0,0.3222477064220183,75.35665137614679,18.62844036697248,0.9438073394495412,4.748853211009174,0.0,event,P_only,94.0,0.0,0.0,-3.5008931159973145
44.4,6.8,tp_rollingmax,0.95,0.0833481729629736,0.15,pei_90,2020-0418-FRA,FRA,Storm,2020-10-02,2020-10-04,444.0,40,pei_90,tp_rollingmax,2020,19.57391304347826,0.0,0.0,61.557391304347824,0.0,18.84695652173913,0.0217391304347826,event,P_only,2070.0,0.0,0.0,-1.2106176614761353
34.8,9.8,tp_rollingmax,0.95,0.0663897519061735,0.15,pei_90,2020-0440-TUN,TUN,Flood,2020-09-05,2020-09-12,213.0,40,pei_90,tp_rollingmax,2020,15.26984126984127,0.0,83.03571428571429,1.6944444444444444,0.0,0.0,0.0,event,D_only,140.0,0.0,0.0,-4.993853569030762
11.9,9.8,tp_rollingmax,0.95,0.2188712357559716,0.15,pei_90,2020-0455-NGA,NGA,Flood,2020-06-24,2020-10-31,214.0,40,pei_90,tp_rollingmax,2020,0.0,0.0,82.89691943127963,17.082938388625593,0.0,0.0201421800947867,0.0,event,D_only,381.0,0.0,0.0,-5.498484134674072
43.8,3.8,tp_rollingmax,0.95,0.0857254180829287,0.15,pei_90,2020-0459-FRA,FRA,Flood,2020-09-19,2020-09-19,216.0,40,pei_90,tp_rollingmax,2020,0.0,0.0,43.374119718309856,19.88732394366197,18.87411971830986,17.864436619718308,0.0,event,D_only,244.0,0.0,0.0,-3.075005531311035
-28.8,28.0,tp_rollingmax,0.95,0.0547030087558279,0.15,pei_90,2020-0489-ZAF,ZAF,Storm,2020-11-17,2020-11-21,446.0,40,pei_90,tp_rollingmax,2020,0.0,0.1062231759656652,57.69849785407725,33.74570815450644,1.8583690987124464,6.5912017167381975,0.0,event,none,1684.0,0.0,0.0,-2.7774171829223633
48.2,100.8,tp_rollingmax,0.95,0.1090602760609048,0.15,pei_30,2020-0602-MNG,MNG,Flood,2020-07-08,2020-08-15,223.0,40,pei_30,tp_rollingmax,2020,7.469155844155843,0.0,24.42207792207792,65.92938311688312,0.0,2.179383116883117,0.0,event,D_only,1903.0,0.0,0.0,-2.130293130874634
-28.5,19.1,tp_rollingmax,0.95,0.092173150550087,0.15,pei_30,2021-0013-NAM,NAM,Flood,2021-01-01,2021-01-14,227.0,40,pei_30,tp_rollingmax,2021,0.1845493562231759,0.0,0.0,98.71673819742487,1.098712446351931,0.0,0.0,event,none,926.0,0.0,0.0,-6.495295524597168
-25.6,-56.5,tp_rollingmax,0.95,0.0481383854896864,0.15,pei_90,2021-0067-PRY,PRY,Flood,2021-01-31,2021-02-02,230.0,40,pei_90,tp_rollingmax,2021,0.0,0.0655021834061135,7.010917030567685,70.80458515283843,14.16812227074236,7.948689956331878,0.0021834061135371,event,none,148.0,0.0,0.0,-1.632521152496338
-34.6,-70.5,tp_rollingmax,0.95,0.069258683069763,0.15,pei_30,2021-0069-CHL,CHL,Storm,2021-01-29,2021-02-02,450.0,40,pei_30,tp_rollingmax,2021,12.161,0.0,0.0,37.332,6.816,0.008,0.683,event,none,3016.0,0.0,0.0,-3.0684621334075928
-28.6,31.9,tp_rollingmax,0.95,0.0586514511552136,0.15,pei_30,2021-0075-ZAF,ZAF,Flood,2021-02-01,2021-02-15,231.0,40,pei_30,tp_rollingmax,2021,0.0,0.0,37.68347639484978,26.88519313304721,18.86051502145923,16.570815450643778,0.0,event,P_only,134.0,0.0,0.0,-3.368662118911743
-29.2,-65.6,tp_rollingmax,0.95,0.0429643772599777,0.15,pei_90,2021-0140-ARG,ARG,Flood,2021-03-01,2021-03-01,233.0,40,pei_90,tp_rollingmax,2021,0.2136752136752136,0.0,0.2136752136752136,45.72649572649573,43.69017094017094,9.88034188034188,0.2756410256410256,event,P_only,540.0,0.0,0.0,-4.256051063537598
-0.4,35.7,tp_rollingmax,0.95,0.168176602139766,0.15,pei_90,2021-0227-KEN,KEN,Flood,2021-04-07,2021-05-30,237.0,40,pei_90,tp_rollingmax,2021,0.0,0.0,77.26463414634146,6.70609756097561,0.1573170731707317,15.871951219512194,0.0,event,P_only,2766.0,0.0,0.0,-1.0618945360183716
9.8,43.5,tp_rollingmax,0.95,0.0402569078989614,0.15,pei_30,2021-0239-SOM,SOM,Flood,2021-05-01,2021-05-31,238.0,40,pei_30,tp_rollingmax,2021,0.0,0.0,61.54206730769231,38.16947115384615,0.2884615384615384,0.0,0.0,event,P_only,1497.0,0.0,0.0,-4.828618049621582
2.2,34.2,tp_rollingmax,0.95,0.0872265558988171,0.15,pei_90,2021-0240-UGA,UGA,Flood,2021-05-06,2021-05-10,239.0,40,pei_90,tp_rollingmax,2021,0.0,0.0,0.5975609756097561,77.24268292682927,17.409756097560976,4.75,0.0,event,none,1130.0,0.0,0.0,-4.8560404777526855
13.6,43.6,tp_rollingmax,0.95,0.0760212933249674,0.15,pei_30,2021-0270-YEM,YEM,Flood,2021-05-01,2021-05-17,240.0,40,pei_30,tp_rollingmax,2021,8.90566037735849,0.0,0.4716981132075472,76.33962264150944,14.283018867924527,0.0,0.0,event,none,589.0,0.0,0.0,-6.065296649932861
16.5,-96.2,tp_rollingmax,0.95,0.0434212063364343,0.15,pei_30,2021-0274-MEX,MEX,Storm,2021-05-16,2021-05-18,456.0,40,pei_30,tp_rollingmax,2021,0.0,0.0,2.7906976744186047,60.58139534883721,23.246511627906976,13.38139534883721,0.0,event,D_only,1427.0,0.0,0.0,-4.966740131378174
22.9,89.0,tp_rollingmax,0.95,0.0354062858085965,0.15,pei_90,2021-0295-BGD,BGD,Storm,2021-05-25,2021-05-29,457.0,40,pei_90,tp_rollingmax,2021,0.0,0.0,89.55156950672645,2.995515695067265,0.0,0.2219730941704036,7.230941704035874,event,none,7.0,0.0,0.0,-3.841712236404419
20.7,86.9,tp_rollingmax,0.95,0.2488076141761138,0.15,pei_90,2021-0295-IND,IND,Storm,2021-05-25,2021-05-29,458.0,40,pei_90,tp_rollingmax,2021,0.0,0.0,38.002272727272725,33.43409090909091,9.165909090909093,6.822727272727272,12.575,event,none,5.0,0.0,0.0,-4.747928619384766
16.8,-95.1,tp_rollingmax,0.95,0.1358065746510069,0.15,pei_90,2021-0325-MEX,MEX,Storm,2021-06-18,2021-06-20,459.0,40,pei_90,tp_rollingmax,2021,0.0,2.4097222222222223,56.47800925925926,24.15625,0.037037037037037,16.91898148148148,0.0,event,P_only,265.0,0.0,0.0,-4.250091075897217
19.8,-105.2,tp_rollingmax,0.95,0.2247024153983844,0.15,pei_90,2021-0359-MEX,MEX,Storm,2021-06-25,2021-06-30,462.0,40,pei_90,tp_rollingmax,2021,0.0,0.0,75.67579908675799,11.189497716894977,0.0,13.134703196347033,0.0,event,none,59.0,0.0,0.0,-4.790269374847412
18.4,-71.4,tp_rollingmax,0.95,0.0286021228562017,0.15,pei_30,2021-0373-DOM,DOM,Storm,2021-07-03,2021-07-03,465.0,40,pei_30,tp_rollingmax,2021,0.0,0.1077981651376146,33.40137614678899,52.59862385321101,13.431192660550458,0.4610091743119266,0.0,event,P_only,2.0,0.0,0.0,-3.890864610671997
12.5,17.5,tp_rollingmax,0.95,0.0521050370687444,0.15,pei_90,2021-0382-TCD,TCD,Flood,2021-06-26,2021-08-31,242.0,40,pei_90,tp_rollingmax,2021,0.0,0.0,99.188679245283,0.7075471698113207,0.0,0.1037735849056603,0.0,event,D_only,310.0,0.0,0.0,-6.835657596588135
-42.4,-72.1,tp_rollingmax,0.95,0.0611243492407326,0.15,pei_90,2021-0392-CHL,CHL,Flood,2021-06-01,2021-06-02,243.0,40,pei_90,tp_rollingmax,2021,6.897849462365591,0.0,0.3109318996415771,48.736559139784944,0.0761648745519713,12.31899641577061,1.5519713261648749,event,none,1338.0,0.0,0.0,2.4657835960388184
33.4,71.1,tp_rollingmax,0.95,0.1925815738724239,0.15,pei_30,2021-0429-PAK,PAK,Storm,2021-07-19,2021-07-22,470.0,40,pei_30,tp_rollingmax,2021,0.0,0.0,72.4090909090909,26.98787878787879,0.0,0.603030303030303,0.0,event,D_only,839.0,0.0,0.0,-5.3047871589660645
33.3,-110.1,tp_rollingmax,0.95,0.0330634486858357,0.15,pei_30,2021-0442-USA,USA,Flood,2021-07-16,2021-07-21,244.0,40,pei_30,tp_rollingmax,2021,0.0,0.0,0.0,75.96153846153847,20.55566801619433,3.4827935222672064,0.0,event,D_only,1491.0,0.0,0.0,-6.809770584106445
15.4,43.3,tp_rollingmax,0.95,0.1176591453875119,0.15,pei_30,2021-0449-YEM,YEM,Flood,2021-07-16,2021-08-07,245.0,40,pei_30,tp_rollingmax,2021,16.81658878504673,0.0,73.30490654205607,7.539719626168225,0.8598130841121495,1.4789719626168225,0.0,event,D_only,1162.0,0.0,0.0,-4.285505294799805
34.2,72.9,tp_rollingmax,0.95,0.0719623357702702,0.15,pei_90,2021-0456-PAK,PAK,Flood,2021-07-28,2021-07-29,246.0,40,pei_90,tp_rollingmax,2021,0.0,0.0170682730923694,63.63855421686747,32.65963855421687,0.0,3.253012048192771,0.431726907630522,event,none,620.0,0.0,0.0,-3.3944387435913086
14.1,8.4,tp_rollingmax,0.95,0.0729369266231481,0.15,pei_90,2021-0461-NER,NER,Flood,2021-06-15,2021-08-31,247.0,40,pei_90,tp_rollingmax,2021,19.784037558685448,0.0,69.13145539906104,11.084507042253522,0.0,0.0,0.0,event,D_only,455.0,0.0,0.0,-6.839145660400391
13.2,24.5,tp_rollingmax,0.95,0.0447973296979662,0.15,pei_90,2021-0473-SDN,SDN,Flood,2021-07-20,2021-09-24,248.0,40,pei_90,tp_rollingmax,2021,0.0,0.0,14.204009433962264,72.24882075471699,0.320754716981132,13.226415094339623,0.0,event,none,1724.0,0.0,0.0,-5.886617183685303
9.1,31.2,tp_rollingmax,0.95,0.1450021695021073,0.15,pei_90,2021-0481-SSD,SSD,Flood,2021-05-01,2021-10-07,249.0,40,pei_90,tp_rollingmax,2021,0.0,0.0,0.0,51.46739130434783,35.5012077294686,13.031400966183575,0.0,event,D_only,406.0,0.0,0.0,-7.321628570556641
13.1,13.2,tp_rollingmax,0.95,0.1592646800791175,0.15,pei_90,2021-0521-NGA,NGA,Flood,2021-07-01,2021-08-31,250.0,40,pei_90,tp_rollingmax,2021,0.0,0.0,49.02948113207548,50.970518867924525,0.0,0.0,0.0,event,D_only,297.0,0.0,0.0,-6.388375282287598
39.2,-1.1,tp_rollingmax,0.95,0.0964827463423052,0.15,pei_30,2021-0561-ESP,ESP,Flood,2021-08-29,2021-09-02,252.0,40,pei_30,tp_rollingmax,2021,0.348314606741573,0.3661048689138577,12.9625468164794,74.5374531835206,0.9400749063670412,10.786516853932584,0.0589887640449438,event,D_only,764.0,0.0,0.0,-5.221907615661621
40.5,-105.1,tp_rollingmax,0.95,0.0660966305749983,0.15,pei_30,2021-0562-USA,USA,Flood,2021-07-30,2021-08-02,253.0,40,pei_30,tp_rollingmax,2021,0.3299256505576208,7.974907063197026,47.47211895910781,41.79832713754647,0.9609665427509294,0.1700743494423791,1.2936802973977697,event,D_only,1518.0,0.0,0.0,-3.779664993286133
36.5,4.4,tp_rollingmax,0.95,0.0404953795480158,0.15,pei_90,2021-0700-DZA,DZA,Flood,2021-10-23,2021-10-26,256.0,40,pei_90,tp_rollingmax,2021,0.0,0.4186274509803921,39.63725490196079,48.61078431372549,0.2294117647058823,11.10392156862745,0.0,event,D_only,1169.0,0.0,0.0,-4.531758785247803
-19.8,-50.7,tp_rollingmax,0.95,0.1064275074848812,0.15,pei_90,2021-0790-BRA,BRA,Flood,2021-11-15,2022-01-16,260.0,40,pei_90,tp_rollingmax,2021,0.0,0.0,36.077625570776256,62.54794520547945,0.136986301369863,1.2374429223744292,0.0,event,D_only,419.0,0.0,0.0,-4.037210464477539
-17.9,-62.3,tp_rollingmax,0.95,0.1011438723615184,0.15,pei_90,2021-0834-BOL,BOL,Flood,2021-12-18,2022-01-05,262.0,40,pei_90,tp_rollingmax,2021,0.0,0.0,63.866359447004605,25.139400921658986,3.9942396313364057,7.0,0.0,event,P_only,302.0,0.0,0.0,-3.2351346015930176
32.1,75.2,tp_rollingmax,0.95,0.221486364695358,0.15,pei_90,2021-0846-PAK,PAK,Flood,2021-07-01,2021-09-30,263.0,40,pei_90,tp_rollingmax,2021,0.0,0.2329896907216495,96.35567010309278,2.0422680412371133,0.0,0.0391752577319587,1.3298969072164948,event,D_only,250.0,0.0,0.0,-2.9797203540802
-22.5,-52.5,tp_rollingmax,0.95,0.1577842096072736,0.15,pei_30,2022-0065-BRA,BRA,Flood,2022-01-01,2022-02-04,266.0,40,pei_30,tp_rollingmax,2022,0.0,0.0,11.399774774774777,71.96621621621621,0.036036036036036,16.597972972972972,0.0,event,both,380.0,0.0,0.0,-3.97405743598938
-23.7,45.4,tp_rollingmax,0.95,0.0659147053072461,0.15,pei_90,2022-0101-MDG,MDG,Storm,2022-02-23,2022-02-24,474.0,40,pei_90,tp_rollingmax,2022,0.0,0.0,0.2946428571428571,99.00669642857144,0.0,0.6986607142857143,0.0,event,P_only,617.0,0.0,0.0,-5.068190097808838
7.8,-68.2,tp_rollingmax,0.95,0.1905739816860715,0.15,pei_90,2022-0250-VEN,VEN,Flood,2022-04-25,2022-06-29,267.0,40,pei_90,tp_rollingmax,2022,0.0,1.8463414634146345,62.09756097560975,18.39512195121951,0.0,17.660975609756097,0.0,event,none,61.0,0.0,0.0,-5.386975288391113
16.3,-94.5,tp_rollingmax,0.95,0.2125785598935068,0.15,pei_90,2022-0333-MEX,MEX,Storm,2022-05-30,2022-05-31,476.0,40,pei_90,tp_rollingmax,2022,0.0,0.1635514018691588,57.04088785046729,26.59813084112149,0.0689252336448598,16.128504672897197,0.0,event,none,9.0,0.0,0.0,-5.4026312828063965
22.5,91.5,tp_rollingmax,0.95,0.1135962539980667,0.15,pei_90,2022-0340-BGD,BGD,Flood,2022-05-17,2022-09-30,270.0,40,pei_90,tp_rollingmax,2022,0.0,0.0,63.78378378378378,17.62837837837838,0.1959459459459459,12.1981981981982,6.193693693693693,event,none,7.0,0.0,0.0,-3.5156092643737793
22.3,-83.8,tp_rollingmax,0.95,0.0697726857971847,0.15,pei_90,2022-0366-CUB,CUB,Flood,2022-06-02,2022-06-06,272.0,40,pei_90,tp_rollingmax,2022,0.0,1.237556561085973,86.8054298642534,5.548642533936651,0.0,6.408371040723982,0.0,event,none,36.0,0.0,0.0,-3.510453462600708
25.7,68.8,tp_rollingmax,0.95,0.2529380470470164,0.15,pei_30,2022-0405-PAK,PAK,Flood,2022-06-14,2022-09-14,273.0,40,pei_30,tp_rollingmax,2022,0.0,0.0,99.67248908296943,0.3275109170305676,0.0,0.0,0.0,event,D_only,23.0,0.0,0.0,-7.66184139251709
34.2,71.1,tp_rollingmax,0.95,0.0491704739606354,0.15,pei_30,2022-0442-AFG,AFG,Flood,2022-06-30,2022-07-11,274.0,40,pei_30,tp_rollingmax,2022,2.8112449799196786,0.0,12.301204819277109,83.46787148594377,0.0321285140562249,0.0,1.3875502008032128,event,none,988.0,0.0,0.0,-5.295587062835693
12.7,21.9,tp_rollingmax,0.95,0.1039481072325713,0.15,pei_90,2022-0445-SDN,SDN,Flood,2022-05-10,2022-09-30,276.0,40,pei_90,tp_rollingmax,2022,0.3042452830188679,0.0,79.58136792452831,19.54834905660377,0.0,0.5660377358490566,0.0,event,D_only,645.0,0.0,0.0,-6.349392890930176
13.6,4.3,tp_rollingmax,0.95,0.1533588371963183,0.15,pei_90,2022-0446-NER,NER,Flood,2022-06-01,2022-09-30,277.0,40,pei_90,tp_rollingmax,2022,2.6367924528301887,0.0,72.375,24.98820754716981,0.0,0.0,0.0,event,D_only,274.0,0.0,0.0,-6.652034759521484
15.4,44.2,tp_rollingmax,0.95,0.0318663262988295,0.15,pei_90,2022-0456-YEM,YEM,Flood,2022-07-23,2022-08-05,279.0,40,pei_90,tp_rollingmax,2022,11.341121495327103,54.35747663551402,10.514018691588785,23.75,0.0373831775700934,0.0,0.0,event,D_only,2278.0,0.0,0.0,-4.650265693664551
53.0,103.5,tp_rollingmax,0.95,0.0401774530652033,0.15,pei_90,2022-0473-RUS,RUS,Flood,2022-07-22,2022-07-25,280.0,40,pei_90,tp_rollingmax,2022,0.1880466472303207,0.9912536443148688,56.56851311953353,15.66472303206997,1.2543731778425655,12.160349854227404,13.17274052478134,event,none,443.0,0.0,0.0,-2.4105618000030518
49.2,107.6,tp_rollingmax,0.95,0.0403489275768831,0.15,pei_30,2022-0497-MNG,MNG,Flood,2022-06-01,2022-07-26,281.0,40,pei_30,tp_rollingmax,2022,2.6222222222222222,0.0,2.761111111111111,74.92222222222222,0.0,19.694444444444443,0.0,event,none,1263.0,0.0,0.0,-1.5908254384994507
15.7,43.5,tp_rollingmax,0.95,0.0943554627066127,0.15,pei_90,2022-0501-YEM,YEM,Flood,2022-08-03,2022-08-08,282.0,40,pei_90,tp_rollingmax,2022,16.80373831775701,0.0,30.2570093457944,44.84345794392523,0.9345794392523364,7.161214953271028,0.0,event,none,1099.0,0.0,0.0,-2.8423004150390625
13.1,21.6,tp_rollingmax,0.95,0.1412418979445741,0.15,pei_90,2022-0509-TCD,TCD,Flood,2022-06-06,2022-10-31,283.0,40,pei_90,tp_rollingmax,2022,0.0,0.0,72.36910377358491,27.54127358490566,0.0,0.0896226415094339,0.0,event,D_only,617.0,0.0,0.0,-6.337810039520264
33.1,69.4,tp_rollingmax,0.95,0.0379419309903102,0.15,pei_90,2022-0514-AFG,AFG,Flood,2022-08-16,2022-08-21,284.0,40,pei_90,tp_rollingmax,2022,0.0,0.0,9.784412955465587,89.22773279352226,0.0,0.9878542510121456,0.0,event,P_only,2577.0,0.0,0.0,-2.7070703506469727
44.5,10.9,tp_rollingmax,0.95,0.1479294692649307,0.15,pei_30,2022-0525-ITA,ITA,Storm,2022-08-14,2022-08-18,478.0,40,pei_30,tp_rollingmax,2022,1.6493055555555556,5.795138888888889,79.45920138888889,10.85763888888889,0.0,2.2387152777777777,0.0,event,D_only,167.0,0.0,0.0,-3.881981372833252
24.6,-100.5,tp_rollingmax,0.95,0.0777768276424571,0.15,pei_90,2022-0579-MEX,MEX,Flood,2022-09-03,2022-09-05,285.0,40,pei_90,tp_rollingmax,2022,0.0,0.448237885462555,0.0,84.07599118942731,15.185022026431716,0.2389867841409691,0.0517621145374449,event,D_only,1934.0,0.0,0.0,-3.737698554992676
43.7,12.5,tp_rollingmax,0.95,0.0288012669850394,0.15,pei_90,2022-0609-ITA,ITA,Flood,2022-09-15,2022-09-16,287.0,40,pei_90,tp_rollingmax,2022,0.3028169014084507,1.494718309859155,76.99295774647888,5.342429577464789,0.0,15.867077464788732,0.0,event,D_only,378.0,0.0,0.0,-2.9845333099365234
15.6,-4.5,tp_rollingmax,0.95,0.0928426812000313,0.15,pei_90,2022-0654-MLI,MLI,Flood,2022-07-01,2022-10-31,289.0,40,pei_90,tp_rollingmax,2022,5.088785046728972,0.0,10.86448598130841,79.8785046728972,4.168224299065421,0.0,0.0,event,D_only,266.0,0.0,0.0,-8.032310485839844
48.3,3.2,tp_rollingmax,0.95,0.0266760250372519,0.15,pei_90,2022-0697-FRA,FRA,Storm,2022-10-23,2022-10-24,479.0,40,pei_90,tp_rollingmax,2022,0.0,2.720873786407767,80.14886731391586,3.2572815533980584,0.0,13.548543689320388,0.3244336569579288,event,D_only,118.0,0.0,0.0,-2.1882529258728027
-3.1,29.2,tp_rollingmax,0.95,0.0259658156513451,0.15,pei_30,2022-0746-COD,COD,Flood,2022-11-13,2022-11-16,291.0,40,pei_30,tp_rollingmax,2022,0.0,0.0,73.25121951219512,17.757317073170732,1.5573170731707318,7.432926829268292,0.0012195121951219,event,P_only,819.0,0.0,0.0,-3.655879020690918
-1.8,14.7,tp_rollingmax,0.95,0.0694999000447797,0.15,pei_30,2022-0748-COG,COG,Flood,2022-09-01,2022-11-15,292.0,40,pei_30,tp_rollingmax,2022,0.0,0.0,3.9109756097560977,76.24878048780488,0.0792682926829268,19.7609756097561,0.0,event,D_only,486.0,0.0,0.0,-3.289119243621826
-12.3,34.0,tp_rollingmax,0.95,0.1279136519237611,0.15,pei_30,2022-0843-MWI,MWI,Flood,2022-11-01,2023-01-15,294.0,40,pei_30,tp_rollingmax,2022,0.0,0.0,58.96919431279621,16.851895734597157,0.4917061611374407,13.635071090047392,10.0521327014218,event,D_only,497.0,0.0,0.0,-4.577378749847412
-19.6,-61.9,tp_rollingmax,0.95,0.106299072740523,0.15,pei_30,2023-0055-BOL,BOL,Flood,2023-01-01,2023-03-16,295.0,40,pei_30,tp_rollingmax,2023,0.0,0.0,0.0,29.30593607305936,57.75799086757991,12.93607305936073,0.0,event,none,374.0,0.0,0.0,-5.750030040740967
-1.3,-79.4,tp_rollingmax,0.95,0.2224989839295397,0.15,pei_30,2023-0126-ECU,ECU,Flood,2023-01-01,2023-04-23,296.0,40,pei_30,tp_rollingmax,2023,0.0,0.0,23.784146341463416,42.4,14.851219512195122,18.95853658536585,0.0060975609756097,event,none,49.0,0.0,0.0,1.4738070964813232
-5.3,-79.9,tp_rollingmax,0.95,0.2141349756237651,0.15,pei_90,2023-0137-PER,PER,Flood,2023-01-01,2023-03-29,297.0,40,pei_90,tp_rollingmax,2023,3.214634146341464,1.2902439024390244,2.259756097560976,63.93292682926829,14.163414634146342,15.139024390243902,0.0,event,both,308.0,0.0,0.0,-3.5411176681518555
2.7,42.5,tp_rollingmax,0.95,0.0438024814207613,0.15,pei_30,2023-0172-SOM,SOM,Flood,2023-03-12,2023-03-24,298.0,40,pei_30,tp_rollingmax,2023,0.0,0.0,12.509756097560976,66.7329268292683,20.70609756097561,0.0512195121951219,0.0,event,D_only,316.0,0.0,0.0,-7.257119178771973
7.4,39.1,tp_rollingmax,0.95,0.1925460450727445,0.15,pei_90,2023-0187-ETH,ETH,Flood,2023-03-25,2023-05-12,300.0,40,pei_90,tp_rollingmax,2023,0.0,0.0,47.93780487804878,26.52439024390244,15.096341463414634,10.441463414634146,0.0,event,none,3559.0,0.0,0.0,-3.1133530139923096
1.3,35.3,tp_rollingmax,0.95,0.1933350904088777,0.15,pei_30,2023-0187-KEN,KEN,Flood,2023-03-25,2023-03-30,301.0,40,pei_30,tp_rollingmax,2023,0.0,0.0,20.742682926829268,51.04878048780488,10.852439024390245,17.35609756097561,0.0,event,D_only,1759.0,0.0,0.0,-4.6905083656311035
8.2,99.9,tp_rollingmax,0.95,0.0277793991589898,0.15,pei_30,2023-0255-THA,THA,Storm,2023-04-23,2023-04-24,483.0,40,pei_30,tp_rollingmax,2023,0.0,0.758495145631068,81.67111650485437,1.2766990291262137,0.0,15.86771844660194,0.4259708737864077,event,D_only,14.0,0.0,0.0,-3.020415782928467
21.8,103.4,tp_rollingmax,0.95,0.0532088588961928,0.15,pei_90,2023-0263-VNM,VNM,Flood,2023-04-28,2023-04-30,304.0,40,pei_90,tp_rollingmax,2023,0.0,0.0,54.742045454545455,24.49659090909091,2.3022727272727272,18.45909090909091,0.0,event,none,876.0,0.0,0.0,-0.42807573080062866
21.1,92.2,tp_rollingmax,0.95,0.1137345581396522,0.15,pei_30,2023-0294-BGD,BGD,Storm,2023-05-13,2023-05-14,485.0,40,pei_30,tp_rollingmax,2023,0.0,0.0,41.72840909090909,26.28068181818182,1.5329545454545457,15.157954545454546,15.3,event,none,59.0,0.0,0.0,-4.864134788513184
24.6,94.1,tp_rollingmax,0.95,0.0419871675425613,0.15,pei_30,2023-0294-IND,IND,Storm,2023-05-14,2023-05-14,486.0,40,pei_30,tp_rollingmax,2023,0.0,0.5859030837004405,42.13546255506608,42.08920704845815,0.0352422907488986,15.154185022026432,0.0,event,P_only,933.0,0.0,0.0,-3.3866634368896484
21.4,94.2,tp_rollingmax,0.95,0.2263290003226862,0.15,pei_30,2023-0294-MMR,MMR,Storm,2023-05-14,2023-05-15,487.0,40,pei_30,tp_rollingmax,2023,0.0,0.0,45.03977272727273,37.32159090909091,0.0,17.638636363636362,0.0,event,none,362.0,0.0,0.0,-4.776666641235352
4.6,45.5,tp_rollingmax,0.95,0.0295333885256836,0.15,pei_90,2023-0295-SOM,SOM,Flood,2023-04-01,2023-05-15,305.0,40,pei_90,tp_rollingmax,2023,0.0,0.0,0.0,84.29268292682927,15.648780487804878,0.0585365853658536,0.0,event,both,311.0,0.0,0.0,-6.677403450012207
14.2,-91.0,tp_rollingmax,0.95,0.1752331341920694,0.15,pei_90,2023-0365-GTM,GTM,Flood,2023-05-01,2023-10-11,306.0,40,pei_90,tp_rollingmax,2023,0.0,0.0,57.23826291079812,30.90023474178404,0.0375586854460093,11.82394366197183,0.0,event,D_only,128.0,0.0,0.0,-3.8047499656677246
32.9,73.9,tp_rollingmax,0.95,0.0832991956535275,0.15,pei_90,2023-0428-PAK,PAK,Flood,2023-06-25,2023-09-07,308.0,40,pei_90,tp_rollingmax,2023,0.0,0.2186234817813765,99.08906882591091,0.6923076923076923,0.0,0.0,0.0,event,P_only,272.0,0.0,0.0,-2.8782360553741455
13.9,1.1,tp_rollingmax,0.95,0.0434933887384359,0.15,pei_90,2023-0457-NER,NER,Flood,2023-07-01,2023-10-15,310.0,40,pei_90,tp_rollingmax,2023,10.539906103286384,0.2593896713615023,27.022300469483568,61.69014084507042,0.488262910798122,0.0,0.0,event,D_only,241.0,0.0,0.0,-6.565968990325928
39.7,115.6,tp_rollingmax,0.95,0.2093941881619181,0.15,pei_90,2023-0503-CHN,CHN,Flood,2023-08-01,2023-08-09,311.0,40,pei_90,tp_rollingmax,2023,0.0,0.0,2.72294776119403,82.44496268656717,0.0,14.832089552238806,0.0,event,none,394.0,0.0,0.0,-3.020163059234619
38.9,69.7,tp_rollingmax,0.95,0.0366284505159461,0.15,pei_30,2023-0570-TJK,TJK,Flood,2023-08-27,2023-08-30,312.0,40,pei_30,tp_rollingmax,2023,1.7924528301886793,0.0,34.26981132075472,63.72830188679245,0.030188679245283,0.1188679245283018,0.060377358490566,event,both,2563.0,0.0,0.0,-3.303654909133911
16.3,-13.7,tp_rollingmax,0.95,0.0606372034408207,0.15,pei_90,2023-0579-MRT,MRT,Flood,2023-07-30,2023-07-31,313.0,40,pei_90,tp_rollingmax,2023,12.02570093457944,0.5899532710280374,0.2336448598130841,86.5338785046729,0.616822429906542,0.0,0.0,event,D_only,35.0,0.0,0.0,-8.624258995056152
39.2,-1.0,tp_rollingmax,0.95,0.0989663375095579,0.15,pei_30,2023-0581-ESP,ESP,Flood,2023-09-02,2023-09-04,315.0,40,pei_30,tp_rollingmax,2023,0.0,0.1891385767790262,5.435393258426966,81.96816479400749,0.4559925093632959,10.823033707865168,1.1282771535580525,event,D_only,482.0,0.0,0.0,-5.087657451629639
39.2,22.1,tp_rollingmax,0.95,0.2701535586739921,0.15,pei_30,2023-0582-GRC,GRC,Flood,2023-09-04,2023-09-07,317.0,40,pei_30,tp_rollingmax,2023,0.2808988764044944,0.4868913857677903,69.41479400749064,14.80992509363296,5.117041198501872,9.890449438202246,0.0,event,D_only,119.0,0.0,0.0,-5.343450546264648
9.1,46.0,tp_rollingmax,0.95,0.153219103203782,0.15,pei_30,2023-0741-SOM,SOM,Flood,2023-09-01,2023-11-20,321.0,40,pei_30,tp_rollingmax,2023,2.5966183574879227,0.0,0.0,82.33333333333333,15.06400966183575,0.0060386473429951,0.0,event,both,909.0,0.0,0.0,-6.723575115203857
-20.4,-64.8,tp_rollingmax,0.95,0.0341371803674937,0.15,pei_90,2023-0783-BOL,BOL,Flood,2023-12-10,2023-12-13,323.0,40,pei_90,tp_rollingmax,2023,2.638636363636364,0.0,2.5534090909090907,75.875,13.423863636363636,5.509090909090909,0.0,event,none,2852.0,0.0,0.0,-2.1932830810546875
-6.7,108.1,tp_rollingmax,0.95,0.0252261285937718,0.15,pei_90,2023-0803-IDN,IDN,Flood,2023-11-24,2023-11-27,325.0,40,pei_90,tp_rollingmax,2023,0.6292682926829268,18.17560975609756,70.38780487804878,5.739024390243903,0.0,5.068292682926829,0.0,event,none,41.0,0.0,0.0,-4.788666725158691
-4.9,29.7,tp_rollingmax,0.95,0.0775407174224664,0.15,pei_90,2023-0807-TZA,TZA,Flood,2023-10-15,2023-11-23,326.0,40,pei_90,tp_rollingmax,2023,0.0,17.82560975609756,30.452439024390245,28.23170731707317,4.232926829268293,16.196341463414633,3.0609756097560976,event,D_only,816.0,0.0,0.0,-4.3570170402526855
-2.7,33.7,tp_rollingmax,0.95,0.03539133140660364,0.15,pei_30,2015-0158-KEN-P,KEN,Flood,2015-04-04,2015-04-10,,40,pei_30,tp_rollingmax,2015,0.0,0.0,89.5439024390244,2.203658536585366,0.054878048780487805,8.197560975609756,0.0,P_only,NA,1238.0,59.0,0.6492784023284912,-2.826645612716675
22.3,-83.6,tp_rollingmax,0.95,0.008656157414105137,0.15,pei_30,2015-0168-CUB-D,CUB,Flood,2015-04-30,2015-04-30,,40,pei_30,tp_rollingmax,2015,0.0,0.0,62.498868778280546,13.16289592760181,0.0,13.910633484162895,10.427601809954751,D_only,NA,25.0,20.0,0.168796420097351,-4.76544189453125
14.1,-89.5,tp_rollingmax,0.95,0.0016945590999531412,0.15,pei_90,2015-0198-SLV-D,SLV,Storm,2015-05-02,2015-05-04,,40,pei_90,tp_rollingmax,2015,0.0,0.5528169014084507,52.69953051643193,33.443661971830984,4.051643192488263,9.252347417840376,0.0,D_only,NA,564.0,37.0,0.36006760597229,-4.314332008361816
39.9,-1.5,tp_rollingmax,0.95,0.009357297455061558,0.15,pei_90,2015-0447-ESP-D,ESP,Flood,2015-09-07,2015-09-07,,40,pei_90,tp_rollingmax,2015,0.16044776119402984,0.0,6.180037313432836,88.84235074626865,0.648320895522388,4.168843283582089,0.0,D_only,NA,1136.0,40.0,0.4106881320476532,-4.020554542541504
44.9,8.2,tp_rollingmax,0.95,0.027302969048312198,0.15,pei_90,2015-0451-FRA-P,FRA,Flood,2015-10-03,2015-10-04,,40,pei_90,tp_rollingmax,2015,1.9793459552495698,13.454388984509466,73.6144578313253,8.90275387263339,0.0,1.8261617900172118,0.22289156626506024,P_only,NA,141.0,35.0,0.5082873702049255,0.09562254697084427
32.5,-81.0,tp_rollingmax,0.95,0.0860512261115424,0.15,pei_90,2015-0459-USA-P,USA,Storm,2015-10-01,2015-10-13,,40,pei_90,tp_rollingmax,2015,0.0,2.350609756097561,3.28760162601626,32.36686991869919,0.15548780487804878,61.83943089430894,0.0,P_only,NA,23.0,99.0,0.6759113669395447,0.6062590479850769
19.8,-71.1,tp_rollingmax,0.95,0.004817674034869768,0.15,pei_90,2015-0479-BHS-D,BHS,Storm,2015-10-01,2015-10-04,,40,pei_90,tp_rollingmax,2015,0.0,0.11073059360730593,26.78310502283105,59.91095890410959,0.0410958904109589,13.154109589041095,0.0,D_only,NA,73.0,66.0,0.2668794095516205,-5.154162883758545
3.8,44.2,tp_rollingmax,0.95,0.022764416162846135,0.15,pei_30,2015-0544-SOM-D,SOM,Flood,2015-03-01,2015-04-15,,40,pei_30,tp_rollingmax,2015,0.0,0.0,0.0,11.157317073170733,88.84268292682927,0.0,0.0,D_only,NA,530.0,76.0,0.0,-6.9534735679626465
5.9,42.4,tp_rollingmax,0.95,0.02577972140139201,0.15,pei_30,2015-0544-SOM-P,SOM,Flood,2015-03-01,2015-04-15,,40,pei_30,tp_rollingmax,2015,0.0,0.0,0.0,62.7280487804878,37.26829268292683,0.003658536585365854,0.0,P_only,NA,679.0,73.0,0.0,-6.0462446212768555
9.9,39.5,tp_rollingmax,0.95,0.04485609406959826,0.15,pei_90,2016-0101-ETH-P,ETH,Flood,2016-04-02,2016-04-07,,40,pei_90,tp_rollingmax,2016,0.0,0.0,71.45552884615384,22.858173076923077,1.1730769230769231,4.513221153846154,0.0,P_only,NA,2532.0,94.0,0.6206917762756348,-1.8197972774505615
-35.2,-69.6,tp_rollingmax,0.95,0.050797586391342964,0.15,pei_90,2016-0118-CHL-P,CHL,Flood,2016-04-15,2016-04-18,,40,pei_90,tp_rollingmax,2016,70.59448818897638,0.0,0.0,26.53937007874016,2.8661417322834644,0.0,0.0,P_only,NA,1503.0,59.0,1.007858395576477,-0.02556583657860756
24.8,94.9,tp_rollingmax,0.95,0.00359469598149445,0.15,pei_30,2016-0138-MMR-D,MMR,Storm,2016-04-21,2016-04-23,,40,pei_30,tp_rollingmax,2016,0.0,0.0,82.66960352422907,5.192731277533039,0.13986784140969163,3.116740088105727,8.881057268722467,D_only,NA,126.0,28.0,0.1144761145114898,-3.8196680545806885
6.5,81.4,tp_rollingmax,0.95,0.20786747344516654,0.15,pei_90,2016-0153-LKA-P,LKA,Flood,2016-05-14,2016-05-15,,40,pei_90,tp_rollingmax,2016,0.0,0.0,0.05975609756097561,20.724390243902437,1.0146341463414634,78.20121951219512,0.0,P_only,NA,73.0,45.0,0.5865588188171387,-3.337881326675415
23.3,91.3,tp_rollingmax,0.95,0.04011636197893076,0.15,pei_90,2016-0175-BGD-P,BGD,Storm,2016-05-21,2016-05-21,,40,pei_90,tp_rollingmax,2016,0.0,0.0033482142857142855,82.1484375,15.526785714285714,0.0,2.3214285714285716,0.0,P_only,NA,37.0,4.0,0.350515067577362,-0.4407242238521576
14.7,10.0,tp_rollingmax,0.95,0.07965833481943965,0.15,pei_90,2016-0219-NER-D,NER,Flood,2016-06-20,2016-10-15,,40,pei_90,tp_rollingmax,2016,3.114485981308411,0.0,0.2336448598130841,96.65186915887851,0.0,0.0,0.0,D_only,NA,466.0,8.0,0.0902678817510604,-7.229978561401367
24.6,84.0,tp_rollingmax,0.95,0.0015696243595877957,0.15,pei_90,2016-0234-IND-D,IND,Storm,2016-06-12,2016-06-12,,40,pei_90,tp_rollingmax,2016,1.7180616740088106,0.0,73.4251101321586,7.58590308370044,0.0,0.0,17.270925110132158,D_only,NA,146.0,88.0,0.2957372069358825,-4.728886127471924
-10.4,39.9,tp_rollingmax,0.95,0.040694474232580075,0.15,pei_90,2016-0248-MOZ-P,MOZ,Flood,2016-01-05,2016-01-29,,40,pei_90,tp_rollingmax,2016,0.0,0.0,6.40625,46.890625,0.0,46.703125,0.0,P_only,NA,209.0,37.0,0.6434838771820068,-3.0681838989257812
16.4,6.1,tp_rollingmax,0.95,0.018103288946771212,0.15,pei_30,2016-0269-NER-D,NER,Flood,2016-06-01,2016-09-07,,40,pei_30,tp_rollingmax,2016,9.983720930232558,0.0,0.0,90.01627906976744,0.0,0.0,0.0,D_only,NA,449.0,80.0,0.0252516437321901,-7.67634916305542
15.9,-1.0231815e-11,tp_rollingmax,0.95,0.007823483310864299,0.15,pei_90,2016-0272-MLI-D,MLI,Flood,2016-07-11,2016-07-23,,40,pei_90,tp_rollingmax,2016,0.7032710280373832,0.0,0.927570093457944,98.36915887850468,0.0,0.0,0.0,D_only,NA,305.0,24.0,0.0098209092393517,-7.924746036529541
12.8,-0.2,tp_rollingmax,0.95,0.054309866840313636,0.15,pei_90,2016-0272-MLI-P,MLI,Flood,2016-07-11,2016-07-23,,40,pei_90,tp_rollingmax,2016,0.0,0.0,11.616745283018869,88.35849056603773,0.0,0.024764150943396228,0.0,P_only,NA,303.0,22.0,0.1281468123197555,-4.7974348068237305
15.1,1.0,tp_rollingmax,0.95,0.006968896122831553,0.15,pei_90,2016-0287-BFA-D,BFA,Flood,2016-06-21,2016-07-16,,40,pei_90,tp_rollingmax,2016,1.3060747663551402,0.0,13.785046728971963,84.9088785046729,0.0,0.0,0.0,D_only,NA,277.0,0.0,0.0224429611116647,-7.142748832702637
12.7,0.6,tp_rollingmax,0.95,0.01626588248315658,0.15,pei_90,2016-0287-BFA-P,BFA,Flood,2016-06-21,2016-07-16,,40,pei_90,tp_rollingmax,2016,0.0,0.0,99.18632075471699,0.0,0.0,0.8136792452830188,0.0,P_only,NA,279.0,2.0,0.9539127945899964,-5.626826763153076
40.9,24.7,tp_rollingmax,0.95,9.387599651800027e-05,0.15,pei_30,2016-0334-GRC-D,GRC,Flood,2016-09-05,2016-09-08,,40,pei_30,tp_rollingmax,2016,2.1011029411764706,2.494485294117647,83.63970588235294,3.859375,0.8529411764705882,0.2270220588235294,6.825367647058823,D_only,NA,9.0,7.0,0.2420933991670608,-5.32399845123291
13.4,-14.0,tp_rollingmax,0.95,0.06859817050840653,0.15,pei_30,2016-0449-SEN-D,SEN,Flood,2016-07-01,2016-09-11,,40,pei_30,tp_rollingmax,2016,0.0,0.0,39.83372641509434,37.011792452830186,15.169811320754716,7.883254716981132,0.10141509433962265,D_only,NA,19.0,29.0,0.1047821193933487,-7.211877822875977
27.3,67.5,tp_rollingmax,0.95,0.008068426268790757,0.15,pei_90,2016-0554-PAK-D,PAK,Flood,2016-08-06,2016-08-07,,40,pei_90,tp_rollingmax,2016,9.081896551724139,0.0,8.664870689655173,69.97737068965517,12.275862068965518,0.0,0.0,D_only,NA,66.0,47.0,0.9682833552360536,-6.28808069229126
-19.0,15.0,tp_rollingmax,0.95,0.03601745231547446,0.15,pei_90,2017-0106-NAM-D,NAM,Flood,2017-01-01,2017-03-15,,40,pei_90,tp_rollingmax,2017,0.0,0.0,21.571100917431192,77.67660550458716,0.7522935779816514,0.0,0.0,D_only,NA,1166.0,74.0,0.1118534505367279,-7.019917011260986
19.0,94.1,tp_rollingmax,0.95,0.019879197234111162,0.15,pei_90,2017-0152-MMR-P,MMR,Storm,2017-06-01,2017-06-09,,40,pei_90,tp_rollingmax,2017,0.0,0.0,55.7098623853211,20.940366972477065,0.33256880733944955,14.090596330275229,8.926605504587156,P_only,NA,2.0,2.0,0.1955892890691757,-2.672335147857666
13.7,4.3,tp_rollingmax,0.95,0.009483515404062143,0.15,pei_90,2017-0186-NER-D,NER,Flood,2017-06-13,2017-06-19,,40,pei_90,tp_rollingmax,2017,4.462264150943396,0.0,38.43278301886792,57.10495283018868,0.0,0.0,0.0,D_only,NA,285.0,28.0,0.1348124295473098,-6.980296611785889
23.8,74.2,tp_rollingmax,0.95,0.01785886167903275,0.15,pei_30,2017-0257-IND-D,IND,Flood,2017-06-01,2017-06-30,,40,pei_30,tp_rollingmax,2017,0.0,0.265625,96.76339285714286,2.15625,0.0,0.14285714285714285,0.671875,D_only,NA,163.0,94.0,0.0589609183371067,-6.827378273010254
24.9,75.3,tp_rollingmax,0.95,0.06260221905529825,0.15,pei_30,2017-0294-IND-D,IND,Flood,2017-06-01,2017-08-15,,40,pei_30,tp_rollingmax,2017,0.0,0.0,51.76211453744494,44.11453744493392,0.0,4.1233480176211454,0.0,D_only,NA,379.0,49.0,0.1494903713464737,-6.970194339752197
-31.2,29.2,tp_rollingmax,0.95,0.06360778253411964,0.15,pei_90,2017-0462-ZAF-P,ZAF,Storm,2017-10-09,2017-10-10,,40,pei_90,tp_rollingmax,2017,0.0,0.0,22.3781512605042,44.910714285714285,18.980042016806724,13.731092436974789,0.0,P_only,NA,481.0,66.0,0.1868463456630706,-1.3172026872634888
23.6,-98.7,tp_rollingmax,0.95,0.03150350032238866,0.15,pei_90,2017-0498-MEX-P,MEX,Flood,2017-09-26,2017-10-07,,40,pei_90,tp_rollingmax,2017,0.0,0.0,79.72098214285714,7.84375,10.946428571428571,1.4888392857142858,0.0,P_only,NA,187.0,45.0,0.0329358726739883,-2.324378252029419
25.3,83.2,tp_rollingmax,0.95,0.0009403023923086895,0.15,pei_30,2017-0569-IND-D,IND,Storm,2017-05-28,2017-05-28,,40,pei_30,tp_rollingmax,2017,0.0,0.019823788546255508,98.65859030837004,0.31277533039647576,0.0,1.0088105726872247,0.0,D_only,NA,78.0,8.0,0.0609372481703758,-6.237177848815918
-22.8,22.3,tp_rollingmax,0.95,0.00759772852661425,0.15,pei_90,2018-0103-BWA-D,BWA,Flood,2018-02-23,2018-03-22,,40,pei_90,tp_rollingmax,2018,0.0,0.0,0.0,84.0,16.0,0.0,0.0,D_only,NA,1099.0,82.0,0.0,-5.297948837280273
-19.9,25.7,tp_rollingmax,0.95,0.06978976970270015,0.15,pei_90,2018-0103-BWA-P,BWA,Flood,2018-02-23,2018-03-22,,40,pei_90,tp_rollingmax,2018,0.0,0.0,0.0,78.05580865603645,21.905466970387245,0.0387243735763098,0.0,P_only,NA,921.0,96.0,0.002314805984497,-3.54646897315979
3.5,40.5,tp_rollingmax,0.95,0.026613410410577187,0.15,pei_90,2018-0132-KEN-D,KEN,Flood,2018-03-14,2018-05-31,,40,pei_90,tp_rollingmax,2018,0.0,0.0,0.0,70.43048780487806,29.569512195121952,0.0,0.0,D_only,NA,598.0,5.0,0.007279310375452,-6.762192726135254
2.9,44.3,tp_rollingmax,0.95,0.02861108091679232,0.15,pei_90,2018-0133-SOM-D,SOM,Flood,2018-04-01,2018-05-31,,40,pei_90,tp_rollingmax,2018,0.0,0.0,58.02317073170732,35.323170731707314,6.628048780487805,0.025609756097560974,0.0,D_only,NA,197.0,96.0,0.0335093550384044,-6.767167091369629
21.2,86.8,tp_rollingmax,0.95,0.00737252421394588,0.15,pei_90,2018-0149-IND-D,IND,Storm,2018-05-13,2018-05-16,,40,pei_90,tp_rollingmax,2018,0.0,0.0,76.98295454545455,12.172727272727272,0.0,0.6909090909090909,10.153409090909092,D_only,NA,6.0,0.0,0.1816502809524536,-3.7943642139434814
14.4,74.4,tp_rollingmax,0.95,0.016534865000271487,0.15,pei_30,2018-0199-IND-P,IND,Storm,2018-06-01,2018-06-06,,40,pei_30,tp_rollingmax,2018,0.0,3.574766355140187,30.077102803738317,17.957943925233646,0.07593457943925233,1.7733644859813085,46.54088785046729,P_only,NA,29.0,58.0,0.4853149652481079,-4.060098648071289
26.1,92.8,tp_rollingmax,0.95,0.08650429559634762,0.15,pei_90,2018-0202-IND-P,IND,Storm,2018-06-08,2018-06-12,,40,pei_90,tp_rollingmax,2018,0.0,0.0,96.59565217391304,2.515217391304348,0.0,0.4217391304347826,0.4673913043478261,P_only,NA,71.0,73.0,0.0461546182632446,-0.16392511129379272
24.5,72.6,tp_rollingmax,0.95,0.009146290486908848,0.15,pei_30,2018-0205-IND-D,IND,Flood,2018-06-22,2018-07-03,,40,pei_30,tp_rollingmax,2018,0.0,0.0,53.99449339207048,39.77202643171806,0.19383259911894274,5.850220264317181,0.1894273127753304,D_only,NA,319.0,35.0,0.2885493040084839,-6.368661403656006
14.0,13.5,tp_rollingmax,0.95,0.043890073185788664,0.15,pei_90,2018-0232-NER-D,NER,Flood,2018-06-01,2018-08-31,,40,pei_90,tp_rollingmax,2018,0.0,0.0,7.904929577464789,77.22417840375587,14.449530516431924,0.4213615023474178,0.0,D_only,NA,279.0,1.0,0.0265055205672979,-8.969464302062988
50.2,104.3,tp_rollingmax,0.95,0.0034921036411410533,0.15,pei_30,2018-0249-MNG-D,MNG,Flood,2018-07-03,2018-07-05,,40,pei_30,tp_rollingmax,2018,0.0,0.0,2.79453125,54.23828125,0.0,42.9671875,0.0,D_only,NA,1304.0,41.0,0.1150804162025451,-2.642887592315674
14.1,37.5,tp_rollingmax,0.95,0.028541844045678666,0.15,pei_90,2018-0292-SDN-P,SDN,Flood,2018-07-23,2018-07-30,,40,pei_90,tp_rollingmax,2018,0.0,0.0,49.82276995305164,29.504694835680752,18.100938967136152,2.5715962441314555,0.0,P_only,NA,869.0,68.0,0.6777674555778503,-3.4008800983428955
38.9,-9.1,tp_rollingmax,0.95,0.006646973859231825,0.15,pei_90,2018-0376-PRT-D,PRT,Storm,2018-10-14,2018-10-16,,40,pei_90,tp_rollingmax,2018,0.0,12.645283018867925,65.10188679245283,15.544339622641509,0.0,6.708490566037736,0.0,D_only,NA,267.0,54.0,0.3655160367488861,-4.595174789428711
45.3,42.8,tp_rollingmax,0.95,0.008377158158669434,0.15,pei_90,2018-0407-RUS-D,RUS,Flood,2018-10-24,2018-10-26,,40,pei_90,tp_rollingmax,2018,0.0,3.621598639455782,72.94897959183673,20.68622448979592,0.04081632653061224,1.869047619047619,0.8333333333333334,D_only,NA,148.0,79.0,0.2472388744354248,-4.125229358673096
-23.5,-65.5,tp_rollingmax,0.95,0.014505482813415294,0.15,pei_90,2019-0091-CHL-P,CHL,Flood,2019-02-01,2019-02-10,,40,pei_90,tp_rollingmax,2019,37.45982142857143,0.0,0.0,53.808035714285715,8.732142857142858,0.0,0.0,P_only,NA,4401.0,88.0,0.4725492596626282,-1.4191170930862427
-23.8,30.4,tp_rollingmax,0.95,0.09260643214870057,0.15,pei_90,2019-0094-ZWE-P,ZWE,Flood,2019-02-11,2019-02-18,,40,pei_90,tp_rollingmax,2019,0.0,0.0,20.081473214285715,34.21763392857143,32.88950892857143,12.803571428571429,0.0078125,P_only,NA,498.0,60.0,0.2078311890363693,-1.9558933973312378
-30.4,26.4,tp_rollingmax,0.95,0.04724387319901871,0.15,pei_90,2019-0176-ZAF-P,ZAF,Flood,2019-04-21,2019-04-25,,40,pei_90,tp_rollingmax,2019,0.0,0.0,6.341386554621849,83.4453781512605,10.110294117647058,0.10294117647058823,0.0,P_only,NA,1352.0,54.0,0.8684741854667664,-2.623602867126465
12.3,25.6,tp_rollingmax,0.95,0.00974028571333635,0.15,pei_90,2019-0280-SDN-D,SDN,Flood,2019-06-08,2019-06-18,,40,pei_90,tp_rollingmax,2019,0.0,0.0,62.21800947867298,37.40284360189573,0.3791469194312796,0.0,0.0,D_only,NA,563.0,59.0,0.6943822503089905,-7.572071075439453
20.4,73.0,tp_rollingmax,0.95,0.009835343804227709,0.15,pei_30,2019-0321-IND-D,IND,Storm,2019-06-06,2019-06-14,,40,pei_30,tp_rollingmax,2019,0.0,0.06477272727272727,98.03636363636363,1.3943181818181818,0.0,0.5045454545454545,0.0,D_only,NA,32.0,75.0,0.3599601089954376,-5.634626865386963
31.9,68.8,tp_rollingmax,0.95,0.0038009628079825886,0.15,pei_30,2019-0346-PAK-D,PAK,Flood,2019-07-16,2019-07-28,,40,pei_30,tp_rollingmax,2019,48.32919254658385,0.0,0.0,51.67080745341615,0.0,0.0,0.0,D_only,NA,1934.0,33.0,0.3725301921367645,-4.76180362701416
26.1,66.4,tp_rollingmax,0.95,0.007931188351611107,0.15,pei_90,2019-0372-PAK-D,PAK,Flood,2019-07-29,2019-07-31,,40,pei_90,tp_rollingmax,2019,29.532608695652176,0.0,39.82934782608696,28.968478260869563,1.6695652173913043,0.0,0.0,D_only,NA,75.0,40.0,0.3427472114562988,-5.365961074829102
16.1,35.4,tp_rollingmax,0.95,0.025014349988903534,0.15,pei_90,2019-0392-SDN-D,SDN,Flood,2019-07-01,2019-09-06,,40,pei_90,tp_rollingmax,2019,87.65186915887851,0.0,0.0,12.348130841121495,0.0,0.0,0.0,D_only,NA,411.0,14.0,0.8873980641365051,-7.729289531707764
17.7,38.3,tp_rollingmax,0.95,0.006579816599344479,0.15,pei_90,2019-0392-SDN-P,SDN,Flood,2019-07-01,2019-09-06,,40,pei_90,tp_rollingmax,2019,36.71889400921659,0.0,0.0,55.97235023041475,7.1658986175115205,0.14285714285714285,0.0,P_only,NA,338.0,87.0,0.7523820996284485,-3.701977014541626
36.8,-3.8,tp_rollingmax,0.95,0.009197725979872673,0.15,pei_90,2019-0413-ESP-D,ESP,Flood,2019-09-11,2019-09-16,,40,pei_90,tp_rollingmax,2019,8.048828125,0.0,7.419921875,58.9306640625,10.2294921875,15.37109375,0.0,D_only,NA,454.0,39.0,0.2587040662765503,-4.906074047088623
32.7,-96.6,tp_rollingmax,0.95,0.009959699753763429,0.15,pei_30,2019-0417-USA-D,USA,Storm,2019-09-17,2019-09-21,,40,pei_30,tp_rollingmax,2019,0.2032520325203252,19.551829268292682,11.954268292682928,64.88821138211382,0.0,3.402439024390244,0.0,D_only,NA,151.0,62.0,0.226664125919342,-4.894548416137695
-5.2,38.6,tp_rollingmax,0.95,0.0545219056597161,0.15,pei_90,2019-0496-TZA-P,TZA,Flood,2019-10-02,2019-10-16,,40,pei_90,tp_rollingmax,2019,0.0,0.0,50.04024390243902,8.552439024390244,0.03902439024390244,41.36829268292683,0.0,P_only,NA,790.0,94.0,0.223802700638771,-1.2721202373504639
3.0,43.0,tp_rollingmax,0.95,0.026063144950091904,0.15,pei_90,2019-0500-ETH-P,ETH,Flood,2019-10-01,2019-10-13,,40,pei_90,tp_rollingmax,2019,0.0,0.0,95.49512195121952,0.7060975609756097,0.5134146341463415,3.2853658536585364,0.0,P_only,NA,335.0,81.0,0.9726278781890868,-5.509974479675293
4.4,46.4,tp_rollingmax,0.95,0.008204262405386076,0.15,pei_90,2019-0500-SOM-D,SOM,Flood,2019-10-01,2019-10-15,,40,pei_90,tp_rollingmax,2019,0.0,0.0,0.0,86.65365853658537,13.346341463414634,0.0,0.0,D_only,NA,163.0,58.0,0.0305540096014738,-6.4317803382873535
-27.6,-65.1,tp_rollingmax,0.95,0.03299767759816308,0.15,pei_90,2020-0092-ARG-P,ARG,Flood,2020-02-11,2020-02-19,,40,pei_90,tp_rollingmax,2020,1.4763948497854078,0.0,8.92489270386266,49.54935622317596,13.839055793991417,17.167381974248926,9.042918454935622,P_only,NA,279.0,24.0,0.5238202810287476,-0.7624219059944153
14.3,-89.6,tp_rollingmax,0.95,0.0057870897942542965,0.15,pei_30,2020-0183-GTM-D,GTM,Flood,2020-05-09,2020-05-11,,40,pei_30,tp_rollingmax,2020,0.0,0.0,17.64018691588785,59.12850467289719,4.049065420560748,14.452102803738319,4.730140186915888,D_only,NA,464.0,4.0,0.3905289471149444,-4.569504261016846
17.0,98.6,tp_rollingmax,0.95,0.006720175369172771,0.15,pei_30,2020-0199-THA-D,THA,Storm,2020-04-29,2020-05-09,,40,pei_30,tp_rollingmax,2020,0.0,0.25460829493087556,61.02880184331797,17.601382488479263,2.0587557603686637,19.056451612903224,0.0,D_only,NA,419.0,37.0,0.1538805514574051,-5.236409664154053
21.1,73.2,tp_rollingmax,0.95,0.0058481964618893045,0.15,pei_30,2020-0217-IND-D,IND,Storm,2020-06-03,2020-06-03,,40,pei_30,tp_rollingmax,2020,0.0,0.05795454545454545,99.77272727272727,0.1693181818181818,0.0,0.0,0.0,D_only,NA,33.0,25.0,0.7419241070747375,-5.961770057678223
14.6,-91.9,tp_rollingmax,0.95,0.027617592165304294,0.15,pei_90,2020-0264-GTM-P,GTM,Flood,2020-06-17,2020-06-17,,40,pei_90,tp_rollingmax,2020,0.0,0.0,55.580607476635514,12.66822429906542,0.0,31.751168224299064,0.0,P_only,NA,94.0,37.0,0.3268382251262665,0.8893254399299622
47.1,23.6,tp_rollingmax,0.95,0.02920106287967253,0.15,pei_90,2020-0286-ROU-P,ROU,Flood,2020-06-10,2020-06-26,,40,pei_90,tp_rollingmax,2020,0.0,0.26241721854304634,64.90480132450331,12.963576158940397,0.0,21.869205298013245,0.0,P_only,NA,393.0,19.0,0.3235905468463897,-0.22841861844062805
11.6,23.1,tp_rollingmax,0.95,0.21090409292316006,0.15,pei_90,2020-0305-SDN-D,SDN,Flood,2020-06-01,2020-09-09,,40,pei_90,tp_rollingmax,2020,0.0,0.0,98.92636579572446,0.6781472684085511,0.27197149643705465,0.12351543942992874,0.0,D_only,NA,697.0,38.0,0.0245705004781484,-7.4046831130981445
25.3,-100.3,tp_rollingmax,0.95,0.1599041003036202,0.15,pei_90,2020-0316-MEX-P,MEX,Storm,2020-07-25,2020-07-26,,40,pei_90,tp_rollingmax,2020,0.0,0.0,0.7588105726872246,59.81718061674009,8.744493392070485,30.679515418502202,0.0,P_only,NA,2175.0,96.0,0.3441210985183716,0.9300206899642944
50.3,114.2,tp_rollingmax,0.95,0.003731823834499326,0.15,pei_90,2020-0324-MNG-D,MNG,Flood,2020-07-02,2020-07-04,,40,pei_90,tp_rollingmax,2020,0.13395638629283488,0.0,22.720404984423677,70.25467289719626,0.0,6.890965732087228,0.0,D_only,NA,977.0,16.0,0.3431118130683899,-2.454472064971924
14.1,2.2,tp_rollingmax,0.95,0.050512927999453505,0.15,pei_90,2020-0336-NER-D,NER,Flood,2020-07-01,2020-09-10,,40,pei_90,tp_rollingmax,2020,11.981220657276996,0.0,33.14319248826291,54.875586854460096,0.0,0.0,0.0,D_only,NA,244.0,3.0,0.0584640242159366,-6.8078203201293945
20.3,-75.8,tp_rollingmax,0.95,0.11091101469887682,0.15,pei_90,2020-0376-HTI-P,HTI,Storm,2020-08-23,2020-08-23,,40,pei_90,tp_rollingmax,2020,0.0,0.0,44.643181818181816,11.727272727272727,0.0,43.62954545454546,0.0,P_only,NA,194.0,100.0,0.3158259093761444,-0.6785951256752014
46.0,9.8,tp_rollingmax,0.95,0.11307025025444256,0.15,pei_90,2020-0418-FRA-P,FRA,Storm,2020-10-02,2020-10-04,,40,pei_90,tp_rollingmax,2020,8.45777027027027,0.07516891891891891,5.57347972972973,51.0008445945946,0.0,34.36570945945946,0.527027027027027,P_only,NA,2091.0,21.0,0.1972730010747909,4.005868911743164
32.6,12.3,tp_rollingmax,0.95,0.0010239266924304546,0.15,pei_90,2020-0440-TUN-D,TUN,Flood,2020-09-05,2020-09-12,,40,pei_90,tp_rollingmax,2020,43.09146341463415,0.0,51.11788617886179,5.790650406504065,0.0,0.0,0.0,D_only,NA,79.0,61.0,0.2223119884729385,-5.561115264892578
9.9,11.7,tp_rollingmax,0.95,0.10929584344232252,0.15,pei_90,2020-0455-NGA-D,NGA,Flood,2020-06-24,2020-10-31,,40,pei_90,tp_rollingmax,2020,0.0,0.0,92.68629807692308,2.9170673076923075,0.17548076923076922,4.221153846153846,0.0,D_only,NA,325.0,56.0,0.2128636837005615,-5.883144855499268
44.8,5.0,tp_rollingmax,0.95,0.0057350237469969145,0.15,pei_90,2020-0459-FRA-D,FRA,Flood,2020-09-19,2020-09-19,,40,pei_90,tp_rollingmax,2020,0.0,0.3884083044982699,78.70934256055364,4.913494809688581,0.0,15.988754325259515,0.0,D_only,NA,249.0,5.0,0.438689112663269,-3.1709465980529785
46.5,102.6,tp_rollingmax,0.95,0.007423575583009656,0.15,pei_30,2020-0602-MNG-D,MNG,Flood,2020-07-08,2020-08-15,,40,pei_30,tp_rollingmax,2020,45.07833333333333,0.0,5.115,49.806666666666665,0.0,0.0,0.0,D_only,NA,1923.0,20.0,0.2306156754493713,-2.8672425746917725
-30.6,30.4,tp_rollingmax,0.95,0.027356451282062766,0.15,pei_30,2021-0075-ZAF-P,ZAF,Flood,2021-02-01,2021-02-15,,40,pei_30,tp_rollingmax,2021,0.0,0.0,40.608193277310924,27.358193277310924,10.086134453781513,21.94747899159664,0.0,P_only,NA,160.0,26.0,0.1954492032527923,-0.35267215967178345
-28.4,-65.8,tp_rollingmax,0.95,0.019382780994514764,0.15,pei_90,2021-0140-ARG-P,ARG,Flood,2021-03-01,2021-03-01,,40,pei_90,tp_rollingmax,2021,0.0,2.6105150214592276,0.1072961373390558,53.5912017167382,31.589055793991417,12.101931330472103,0.0,P_only,NA,566.0,26.0,0.3296586573123932,-0.473293274641037
-0.7,36.0,tp_rollingmax,0.95,0.03569927640465881,0.15,pei_90,2021-0227-KEN-P,KEN,Flood,2021-04-07,2021-05-30,,40,pei_90,tp_rollingmax,2021,0.0,0.0,68.52804878048781,14.63170731707317,1.024390243902439,15.815853658536586,0.0,P_only,NA,2828.0,62.0,0.0823884755373001,-0.06587355583906174
10.0,45.4,tp_rollingmax,0.95,0.047477498366363696,0.15,pei_30,2021-0239-SOM-P,SOM,Flood,2021-05-01,2021-05-31,,40,pei_30,tp_rollingmax,2021,2.387019230769231,0.0,0.9615384615384616,72.83774038461539,16.671875,7.141826923076923,0.0,P_only,NA,1436.0,61.0,0.5610066652297974,-4.818983554840088
16.4,-96.9,tp_rollingmax,0.95,0.007663331812563068,0.15,pei_30,2021-0274-MEX-D,MEX,Storm,2021-05-16,2021-05-18,,40,pei_30,tp_rollingmax,2021,0.0,0.0,0.0,61.13023255813953,21.046511627906977,17.823255813953487,0.0,D_only,NA,1454.0,27.0,0.1585643291473388,-4.754217147827148
16.4,-94.4,tp_rollingmax,0.95,0.025869553501489256,0.15,pei_90,2021-0325-MEX-P,MEX,Storm,2021-06-18,2021-06-20,,40,pei_90,tp_rollingmax,2021,0.0,0.0,17.551162790697674,35.711627906976744,0.0,46.73720930232558,0.0,P_only,NA,239.0,26.0,0.3515394926071167,-2.4395511150360107
18.5,-69.7,tp_rollingmax,0.95,0.0348189228928831,0.15,pei_30,2021-0373-DOM-P,DOM,Storm,2021-07-03,2021-07-03,,40,pei_30,tp_rollingmax,2021,0.19724770642201836,6.004587155963303,50.07339449541284,22.182339449541285,0.5217889908256881,20.900229357798164,0.12041284403669725,P_only,NA,26.0,24.0,0.6008965373039246,-0.6333390474319458
12.6,18.3,tp_rollingmax,0.95,0.03396217873635121,0.15,pei_90,2021-0382-TCD-D,TCD,Flood,2021-06-26,2021-08-31,,40,pei_90,tp_rollingmax,2021,0.0,0.0,99.8997641509434,0.0589622641509434,0.0,0.041273584905660375,0.0,D_only,NA,355.0,45.0,0.0252869967371225,-6.746880531311035
34.6,70.2,tp_rollingmax,0.95,0.004703460203019844,0.15,pei_30,2021-0429-PAK-D,PAK,Storm,2021-07-19,2021-07-22,,40,pei_30,tp_rollingmax,2021,36.218,0.774,34.447,27.681,0.88,0.0,0.0,D_only,NA,743.0,96.0,0.5127818584442139,-5.128567695617676
32.4,-108.6,tp_rollingmax,0.95,0.007330618154256174,0.15,pei_30,2021-0442-USA-D,USA,Flood,2021-07-16,2021-07-21,,40,pei_30,tp_rollingmax,2021,0.0,0.0,0.0,84.0,16.0,0.0,0.0,D_only,NA,1579.0,88.0,0.0410983748733997,-7.518531322479248
16.2,44.4,tp_rollingmax,0.95,0.005230102465134057,0.15,pei_30,2021-0449-YEM-D,YEM,Flood,2021-07-16,2021-08-07,,40,pei_30,tp_rollingmax,2021,79.69158878504673,0.0,20.210280373831775,0.09813084112149532,0.0,0.0,0.0,D_only,NA,1223.0,61.0,0.540337324142456,-4.6200408935546875
14.6,7.3,tp_rollingmax,0.95,0.04267618330925346,0.15,pei_90,2021-0461-NER-D,NER,Flood,2021-06-15,2021-08-31,,40,pei_90,tp_rollingmax,2021,16.27570093457944,0.0,72.7803738317757,10.94392523364486,0.0,0.0,0.0,D_only,NA,439.0,16.0,0.0694015473127365,-6.747403621673584
11.3,32.4,tp_rollingmax,0.95,0.021333304067730763,0.15,pei_90,2021-0481-SSD-D,SSD,Flood,2021-05-01,2021-10-07,,40,pei_90,tp_rollingmax,2021,0.0,0.0,4.517942583732057,79.24043062200957,16.216507177033492,0.025119617224880382,0.0,D_only,NA,394.0,12.0,0.0438187457621097,-8.045024871826172
13.1,11.2,tp_rollingmax,0.95,0.14303482771834747,0.15,pei_90,2021-0521-NGA-D,NGA,Flood,2021-07-01,2021-08-31,,40,pei_90,tp_rollingmax,2021,1.5212264150943395,0.0,52.674528301886795,45.804245283018865,0.0,0.0,0.0,D_only,NA,339.0,42.0,0.0988046154379844,-6.52341365814209
37.9,-2.0,tp_rollingmax,0.95,0.009688514470690274,0.15,pei_30,2021-0561-ESP-D,ESP,Flood,2021-08-29,2021-09-02,,40,pei_30,tp_rollingmax,2021,7.259615384615385,0.0,37.42019230769231,55.01826923076923,0.047115384615384615,0.2548076923076923,0.0,D_only,NA,786.0,22.0,0.3118209838867187,-4.984503746032715
41.1,-103.6,tp_rollingmax,0.95,0.004691353484350569,0.15,pei_30,2021-0562-USA-D,USA,Flood,2021-07-30,2021-08-02,,40,pei_30,tp_rollingmax,2021,0.0,0.0,53.95220588235294,46.04779411764706,0.0,0.0,0.0,D_only,NA,1489.0,29.0,0.5362004637718201,-4.385421276092529
36.3,2.9,tp_rollingmax,0.95,0.00825614648695891,0.15,pei_90,2021-0700-DZA-D,DZA,Flood,2021-10-23,2021-10-26,,40,pei_90,tp_rollingmax,2021,0.0,0.0,46.522549019607844,43.67156862745098,0.03627450980392157,9.769607843137255,0.0,D_only,NA,1125.0,44.0,0.1039120182394981,-4.54093074798584
-21.5,-51.4,tp_rollingmax,0.95,0.08051989659096967,0.15,pei_90,2021-0790-BRA-D,BRA,Flood,2021-11-15,2022-01-16,,40,pei_90,tp_rollingmax,2021,0.0,2.9386363636363635,5.125,91.33295454545454,0.0,0.6034090909090909,0.0,D_only,NA,394.0,25.0,0.1473199725151062,-3.5497214794158936
-17.1,-62.7,tp_rollingmax,0.95,0.07402386050024715,0.15,pei_90,2021-0834-BOL-P,BOL,Flood,2021-12-18,2022-01-05,,40,pei_90,tp_rollingmax,2021,0.0,0.0,11.486175115207374,67.38364055299539,0.3271889400921659,20.802995391705068,0.0,P_only,NA,258.0,44.0,0.1686305701732635,-0.34835752844810486
32.3,74.1,tp_rollingmax,0.95,0.047367536793604004,0.15,pei_90,2021-0846-PAK-D,PAK,Flood,2021-07-01,2021-09-30,,40,pei_90,tp_rollingmax,2021,0.0,2.343877551020408,94.89795918367346,2.7581632653061225,0.0,0.0,0.0,D_only,NA,223.0,27.0,0.0263477899134159,-3.713823080062866
-23.3,-54.0,tp_rollingmax,0.95,0.03437894239888509,0.15,pei_30,2022-0065-BRA-D,BRA,Flood,2022-01-01,2022-02-04,,40,pei_30,tp_rollingmax,2022,0.0,0.0,3.9464285714285716,82.34375,0.13058035714285715,13.579241071428571,0.0,D_only,NA,318.0,62.0,0.0719373971223831,-3.7910711765289307
-20.9,-50.3,tp_rollingmax,0.95,0.047695667398080344,0.15,pei_30,2022-0065-BRA-P,BRA,Flood,2022-01-01,2022-02-04,,40,pei_30,tp_rollingmax,2022,0.0,0.017045454545454544,24.929545454545455,65.06363636363636,0.07272727272727272,8.88409090909091,1.0329545454545455,P_only,NA,396.0,16.0,0.1458945721387863,0.49900707602500916
-21.8,46.2,tp_rollingmax,0.95,0.07957970465138939,0.15,pei_90,2022-0101-MDG-P,MDG,Storm,2022-02-23,2022-02-24,,40,pei_90,tp_rollingmax,2022,0.0,0.0,0.19090909090909092,97.32840909090909,0.0,2.478409090909091,0.0022727272727272726,P_only,NA,708.0,91.0,0.0010912402067333,-2.1288199424743652
25.3,68.5,tp_rollingmax,0.95,0.08153353789840338,0.15,pei_30,2022-0405-PAK-D,PAK,Flood,2022-06-14,2022-09-14,,40,pei_30,tp_rollingmax,2022,0.0,0.0671806167400881,99.22907488986785,0.2301762114537445,0.0,0.0,0.473568281938326,D_only,NA,19.0,4.0,0.0054012704640626,-7.831508159637451
12.6,21.3,tp_rollingmax,0.95,0.061678752424305816,0.15,pei_90,2022-0445-SDN-D,SDN,Flood,2022-05-10,2022-09-30,,40,pei_90,tp_rollingmax,2022,0.0,0.0,78.97051886792453,20.99056603773585,0.0,0.03891509433962264,0.0,D_only,NA,605.0,40.0,0.0520247183740139,-6.448785781860352
13.8,3.7,tp_rollingmax,0.95,0.047508193332899365,0.15,pei_90,2022-0446-NER-D,NER,Flood,2022-06-01,2022-09-30,,40,pei_90,tp_rollingmax,2022,0.0,0.0,77.16745283018868,22.83254716981132,0.0,0.0,0.0,D_only,NA,278.0,4.0,0.0597433373332023,-6.734005928039551
14.0,45.8,tp_rollingmax,0.95,0.013228270649782992,0.15,pei_90,2022-0456-YEM-D,YEM,Flood,2022-07-23,2022-08-05,,40,pei_90,tp_rollingmax,2022,89.32863849765258,0.0,0.352112676056338,10.31924882629108,0.0,0.0,0.0,D_only,NA,2247.0,31.0,0.974685788154602,-4.049774646759033
12.9,21.6,tp_rollingmax,0.95,0.09729140271684789,0.15,pei_90,2022-0509-TCD-D,TCD,Flood,2022-06-06,2022-10-31,,40,pei_90,tp_rollingmax,2022,0.0,0.0,80.57075471698113,19.347877358490567,0.0,0.08136792452830188,0.0,D_only,NA,599.0,18.0,0.0458699539303779,-6.23004674911499
35.2,71.0,tp_rollingmax,0.95,0.03196913669248069,0.15,pei_90,2022-0514-AFG-P,AFG,Flood,2022-08-16,2022-08-21,,40,pei_90,tp_rollingmax,2022,0.42322834645669294,0.0,4.200787401574803,85.62893700787401,0.031496062992125984,9.715551181102363,0.0,P_only,NA,2638.0,61.0,0.5245881080627441,1.560405969619751
43.5,13.1,tp_rollingmax,0.95,0.005649675917782954,0.15,pei_30,2022-0525-ITA-D,ITA,Storm,2022-08-14,2022-08-18,,40,pei_30,tp_rollingmax,2022,0.6205673758865248,2.970744680851064,89.6959219858156,2.9893617021276597,0.0,3.723404255319149,0.0,D_only,NA,157.0,10.0,0.17720727622509,-4.319070339202881
23.8,-100.9,tp_rollingmax,0.95,0.005152867843508352,0.15,pei_90,2022-0579-MEX-D,MEX,Flood,2022-09-03,2022-09-05,,40,pei_90,tp_rollingmax,2022,0.0,0.0,2.0089285714285716,81.93415178571429,15.7734375,0.28348214285714285,0.0,D_only,NA,1977.0,43.0,0.0334114767611026,-4.2307257652282715
42.4,13.9,tp_rollingmax,0.95,0.0008160650430895644,0.15,pei_90,2022-0609-ITA-D,ITA,Flood,2022-09-15,2022-09-16,,40,pei_90,tp_rollingmax,2022,0.17921146953405018,0.06541218637992832,82.79121863799283,4.537634408602151,0.0,11.804659498207885,0.6218637992831542,D_only,NA,462.0,84.0,0.1247473135590553,-2.435469150543213
15.7,-3.4,tp_rollingmax,0.95,0.04380054062019759,0.15,pei_90,2022-0654-MLI-D,MLI,Flood,2022-07-01,2022-10-31,,40,pei_90,tp_rollingmax,2022,8.268691588785046,0.0,7.239485981308412,80.49065420560747,4.0,0.0011682242990654205,0.0,D_only,NA,267.0,1.0,0.0734404027462005,-7.421788215637207
50.2,2.8,tp_rollingmax,0.95,0.008401623149474291,0.15,pei_90,2022-0697-FRA-D,FRA,Storm,2022-10-23,2022-10-24,,40,pei_90,tp_rollingmax,2022,0.0,3.2546875,94.0625,1.7046875,0.0,0.2390625,0.7390625,D_only,NA,103.0,15.0,0.2491483241319656,-1.491143822669983
-4.3,27.1,tp_rollingmax,0.95,0.022984233698069206,0.15,pei_30,2022-0746-COD-P,COD,Flood,2022-11-13,2022-11-16,,40,pei_30,tp_rollingmax,2022,0.0,0.0,19.37560975609756,4.45,0.0,76.17439024390244,0.0,P_only,NA,755.0,64.0,0.2812645435333252,-0.22174619138240814
-3.1,15.5,tp_rollingmax,0.95,0.0273732551741378,0.15,pei_30,2022-0748-COG-D,COG,Flood,2022-09-01,2022-11-15,,40,pei_30,tp_rollingmax,2022,0.0,0.0,1.674390243902439,74.69146341463414,0.07804878048780488,23.55609756097561,0.0,D_only,NA,514.0,28.0,0.1031702309846878,-3.8183038234710693
-12.9,34.8,tp_rollingmax,0.95,0.057173815739727296,0.15,pei_30,2022-0843-MWI-D,MWI,Flood,2022-11-01,2023-01-15,,40,pei_30,tp_rollingmax,2022,0.0,0.0,12.83254716981132,49.16155660377358,0.0,32.284198113207545,5.721698113207547,D_only,NA,521.0,24.0,0.1985979825258255,-4.98942756652832
-3.7,-80.5,tp_rollingmax,0.95,0.1192266913161434,0.15,pei_90,2023-0137-PER-D,PER,Flood,2023-01-01,2023-03-29,,40,pei_90,tp_rollingmax,2023,1.9560975609756097,0.0,3.3378048780487806,78.97317073170731,15.704878048780488,0.02804878048780488,0.0,D_only,NA,256.0,52.0,0.2306647002696991,-4.040597915649414
-6.0,-79.7,tp_rollingmax,0.95,0.09038667215014001,0.15,pei_90,2023-0137-PER-P,PER,Flood,2023-01-01,2023-03-29,,40,pei_90,tp_rollingmax,2023,24.882926829268293,0.0,0.7317073170731707,62.360975609756096,8.512195121951219,3.5121951219512195,0.0,P_only,NA,306.0,2.0,0.3159050941467285,-2.9313313961029053
3.7,44.6,tp_rollingmax,0.95,0.010786990395859897,0.15,pei_30,2023-0172-SOM-D,SOM,Flood,2023-03-12,2023-03-24,,40,pei_30,tp_rollingmax,2023,0.0,0.0,18.896341463414632,12.797560975609755,68.3,0.006097560975609756,0.0,D_only,NA,397.0,81.0,0.0130490344017744,-6.9959516525268555
1.0,36.9,tp_rollingmax,0.95,0.008332541005903443,0.15,pei_30,2023-0187-KEN-D,KEN,Flood,2023-03-25,2023-03-30,,40,pei_30,tp_rollingmax,2023,0.0,0.0,17.423170731707316,44.889024390243904,10.590243902439024,27.097560975609756,0.0,D_only,NA,1797.0,38.0,0.3347271680831909,-5.037665843963623
6.8,101.4,tp_rollingmax,0.95,0.0028849400394270475,0.15,pei_30,2023-0255-THA-D,THA,Storm,2023-04-23,2023-04-24,,40,pei_30,tp_rollingmax,2023,3.1463414634146343,0.0,83.8670731707317,2.892682926829268,0.0,9.745121951219513,0.348780487804878,D_only,NA,8.0,6.0,0.3175836503505707,-3.7656431198120117
26.8,95.3,tp_rollingmax,0.95,0.03068190558020692,0.15,pei_30,2023-0294-IND-P,IND,Storm,2023-05-14,2023-05-14,,40,pei_30,tp_rollingmax,2023,0.0,0.0,21.05952380952381,27.908008658008658,2.7759740259740258,48.256493506493506,0.0,P_only,NA,993.0,60.0,0.3011078834533691,2.008653163909912
4.4,45.5,tp_rollingmax,0.95,0.02384477436343324,0.15,pei_90,2023-0295-SOM-D,SOM,Flood,2023-04-01,2023-05-15,,40,pei_90,tp_rollingmax,2023,0.0,0.0,0.0,84.39024390243902,15.609756097560975,0.0,0.0,D_only,NA,281.0,30.0,0.014331909827888,-6.638523101806641
6.7,46.4,tp_rollingmax,0.95,0.03763289154717367,0.15,pei_90,2023-0295-SOM-P,SOM,Flood,2023-04-01,2023-05-15,,40,pei_90,tp_rollingmax,2023,0.0,0.0,0.0,84.40975609756097,15.590243902439024,0.0,0.0,P_only,NA,402.0,91.0,0.0285076405853033,-5.804106712341309
14.2,-91.1,tp_rollingmax,0.95,0.17308603170040973,0.15,pei_90,2023-0365-GTM-D,GTM,Flood,2023-05-01,2023-10-11,,40,pei_90,tp_rollingmax,2023,0.0,0.0,69.17136150234742,22.315727699530516,0.09624413145539906,8.416666666666666,0.0,D_only,NA,88.0,40.0,0.1164765581488609,-4.038439750671387
32.7,71.3,tp_rollingmax,0.95,0.05556772888225567,0.15,pei_90,2023-0428-PAK-P,PAK,Flood,2023-06-25,2023-09-07,,40,pei_90,tp_rollingmax,2023,0.17479674796747968,0.11483739837398374,95.9329268292683,2.553861788617886,0.0,0.0,1.2235772357723578,P_only,NA,206.0,66.0,0.4759226739406585,-1.5109792947769165
14.1,2.2,tp_rollingmax,0.95,0.019511807972276668,0.15,pei_90,2023-0457-NER-D,NER,Flood,2023-07-01,2023-10-15,,40,pei_90,tp_rollingmax,2023,11.981220657276996,0.0,33.14319248826291,54.875586854460096,0.0,0.0,0.0,D_only,NA,244.0,3.0,0.0584640242159366,-6.704421043395996
39.2,70.9,tp_rollingmax,0.95,0.008884037699692732,0.15,pei_30,2023-0570-TJK-D,TJK,Flood,2023-08-27,2023-08-30,,40,pei_30,tp_rollingmax,2023,2.851123595505618,0.0,57.802434456928836,38.08239700374532,0.0,1.1301498127340823,0.13389513108614232,D_only,NA,2556.0,7.0,0.204022005200386,-3.3118746280670166
40.1,72.5,tp_rollingmax,0.95,0.02335535395269442,0.15,pei_30,2023-0570-TJK-P,TJK,Flood,2023-08-27,2023-08-30,,40,pei_30,tp_rollingmax,2023,0.5615671641791045,0.0,3.610074626865672,85.26958955223881,0.0,10.558768656716419,0.0,P_only,NA,2534.0,29.0,0.317421406507492,3.4576900005340576
16.9,-14.9,tp_rollingmax,0.95,0.00988351047658223,0.15,pei_90,2023-0579-MRT-D,MRT,Flood,2023-07-30,2023-07-31,,40,pei_90,tp_rollingmax,2023,13.967592592592593,0.0,0.5787037037037037,85.45370370370371,0.0,0.0,0.0,D_only,NA,29.0,6.0,0.1257361024618148,-8.053464889526367
41.4,0.6,tp_rollingmax,0.95,0.004745380475487504,0.15,pei_30,2023-0581-ESP-D,ESP,Flood,2023-09-02,2023-09-04,,40,pei_30,tp_rollingmax,2023,0.0,0.0,95.54395604395604,4.4111721611721615,0.014652014652014652,0.03021978021978022,0.0,D_only,NA,391.0,91.0,0.7173357605934143,-5.361812114715576
41.3,22.8,tp_rollingmax,0.95,0.005289263624540491,0.15,pei_30,2023-0582-GRC-D,GRC,Flood,2023-09-04,2023-09-07,,40,pei_30,tp_rollingmax,2023,0.0,0.0815018315018315,47.09798534798535,31.364468864468865,0.0,21.456043956043956,0.0,D_only,NA,217.0,98.0,0.5018671751022339,-4.676482200622559
9.0,45.4,tp_rollingmax,0.95,0.0745144285055962,0.15,pei_30,2023-0741-SOM-D,SOM,Flood,2023-09-01,2023-11-20,,40,pei_30,tp_rollingmax,2023,0.0,0.0,0.0,82.89855072463769,15.439613526570048,0.0,1.6618357487922706,D_only,NA,908.0,1.0,0.0303094424307346,-6.333080768585205
7.3,43.8,tp_rollingmax,0.95,0.019702622248994606,0.15,pei_30,2023-0741-SOM-P,SOM,Flood,2023-09-01,2023-11-20,,40,pei_30,tp_rollingmax,2023,0.7317073170731707,0.0,0.0,83.50243902439024,1.4829268292682927,14.282926829268293,0.0,P_only,NA,877.0,32.0,0.7148306965827942,-5.080446720123291
-7.1,30.6,tp_rollingmax,0.95,0.06879340213827265,0.15,pei_90,2023-0807-TZA-D,TZA,Flood,2023-10-15,2023-11-23,,40,pei_90,tp_rollingmax,2023,0.0,0.0,21.6890243902439,46.15975609756097,18.091463414634145,13.217073170731707,0.8426829268292683,D_only,NA,810.0,6.0,0.2812222242355346,-4.945757865905762
