filename,vh_nan_timesteps,total_timesteps,vh_nan_pct,vv_nan_pct
DC__2015-0011-MWI__2014-01-01__2016-01-01_20260630_132331_v0100.zarr,34,36,94.4,0.0
DC__2015-0030-MWI__2014-01-02__2016-01-02_20260630_132350_v0100.zarr,63,65,96.9,22.0
DC__2015-0106-CHL__2014-03-25__2016-03-25_20260630_132425_v0100.zarr,50,51,98.0,0.0
DC__2015-0118-IND__2014-04-04__2016-04-04_20260630_132441_v0100.zarr,17,34,50.0,0.0
DC__2015-0158-KEN-P__2014-04-04__2016-04-04_20260701_041500_v0100.zarr,32,38,84.2,0.0
DC__2015-0158-KEN__2014-04-04__2016-04-04_20260630_132525_v0100.zarr,75,85,92.3,29.7
DC__2015-0168-CUB-D__2014-04-30__2016-04-30_20260701_041513_v0100.zarr,25,31,80.6,0.6
DC__2015-0168-CUB__2014-04-30__2016-04-30_20260630_132549_v0100.zarr,33,47,70.2,0.0
DC__2015-0198-SLV-D__2014-05-02__2016-05-02_20260701_041527_v0100.zarr,33,34,97.1,0.0
DC__2015-0198-SLV__2014-05-02__2016-05-02_20260630_132557_v0100.zarr,33,34,97.1,0.0
DC__2015-0252-CHN__2014-06-22__2016-06-22_20260630_132611_v0100.zarr,14,36,38.9,0.0
DC__2015-0258-IRN__2014-07-14__2016-07-14_20260630_132650_v0100.zarr,65,70,92.9,0.0
DC__2015-0288-PAK__2014-06-25__2016-06-25_20260630_132903_v0100.zarr,68,74,91.9,0.0
DC__2015-0375-DOM__2014-08-28__2016-08-28_20260630_132929_v0100.zarr,38,44,86.4,0.0
DC__2015-0375-HTI__2014-08-29__2016-08-29_20260630_132946_v0100.zarr,68,79,89.1,29.6
DC__2015-0479-BHS-D__2014-10-01__2016-10-01_20260701_041942_v0100.zarr,24,31,77.4,0.0
DC__2015-0479-BHS__2014-10-01__2016-10-01_20260630_133801_v0100.zarr,11,16,68.8,0.0
DC__2015-0488-USA__2014-10-29__2016-10-29_20260630_133936_v0100.zarr,3,36,13.9,5.6
DC__2015-0544-SOM-P__2014-03-01__2016-03-01_20260701_042107_v0100.zarr,52,54,96.3,24.3
DC__2015-0544-SOM__2014-03-01__2016-03-01_20260630_134000_v0100.zarr,20,23,91.1,87.3
DC__2016-0101-ETH-P__2015-04-02__2017-04-02_20260701_042243_v0100.zarr,51,65,78.5,4.6
DC__2016-0101-ETH__2015-04-02__2017-04-02_20260630_134042_v0100.zarr,75,88,85.2,4.9
DC__2016-0118-CHL-P__2015-04-15__2017-04-15_20260701_042329_v0100.zarr,91,109,87.3,6.3
DC__2016-0118-CHL__2015-04-15__2017-04-15_20260630_134227_v0100.zarr,94,112,83.9,19.6
DC__2016-0138-MMR-D__2015-04-21__2017-04-21_20260701_042415_v0100.zarr,35,65,56.9,18.5
DC__2016-0138-MMR__2015-04-21__2017-04-21_20260630_134503_v0100.zarr,43,84,56.0,4.8
DC__2016-0153-LKA-P__2015-05-14__2017-05-14_20260701_042452_v0100.zarr,41,77,54.6,6.6
DC__2016-0153-LKA__2015-05-14__2017-05-14_20260630_134532_v0100.zarr,13,26,50.0,0.0
DC__2016-0161-KEN__2015-04-29__2017-04-29_20260630_134804_v0100.zarr,6,21,28.6,0.0
DC__2016-0175-BGD-P__2015-05-21__2017-05-21_20260701_042514_v0100.zarr,48,92,53.3,4.1
DC__2016-0175-BGD__2015-05-21__2017-05-21_20260630_134936_v0100.zarr,26,69,48.5,13.7
DC__2016-0232-MMR__2015-06-01__2017-06-01_20260630_135101_v0100.zarr,46,95,48.4,0.0
DC__2016-0234-IND-D__2015-06-12__2017-06-12_20260701_042955_v0100.zarr,27,58,47.4,9.2
DC__2016-0234-IND__2015-06-12__2017-06-12_20260630_135148_v0100.zarr,61,112,67.2,27.5
DC__2016-0237-IND__2015-06-20__2017-06-20_20260630_135400_v0100.zarr,45,78,57.7,0.0
DC__2016-0248-MOZ__2015-01-05__2017-01-05_20260630_135512_v0100.zarr,11,28,39.3,0.0
DC__2016-0276-IND__2015-07-09__2017-07-09_20260630_135802_v0100.zarr,18,54,34.9,3.2
DC__2016-0522-BOL__2015-11-26__2017-11-26_20260630_140934_v0100.zarr,34,78,43.6,0.0
DC__2016-0554-PAK-D__2015-08-06__2017-08-06_20260701_044852_v0100.zarr,37,70,52.9,0.0
DC__2016-0554-PAK__2015-08-06__2017-08-06_20260630_141559_v0100.zarr,69,145,47.6,0.0
DC__2017-0152-MMR-P__2016-06-01__2018-06-01_20260701_045706_v0100.zarr,11,128,8.6,0.0
DC__2017-0152-MMR__2016-06-01__2018-06-01_20260630_142402_v0100.zarr,11,80,13.8,0.0
DC__2017-0168-MEX__2016-06-01__2018-06-01_20260630_142835_v0100.zarr,25,187,17.9,5.2
DC__2017-0205-KEN__2016-05-08__2018-05-08_20260630_143450_v0100.zarr,20,64,31.2,0.0
DC__2017-0243-PAK__2016-06-26__2018-06-26_20260630_143851_v0100.zarr,17,109,15.6,3.7
DC__2017-0257-IND-D__2016-06-01__2018-06-01_20260701_050205_v0100.zarr,1,53,3.8,3.8
DC__2017-0265-IND__2016-07-08__2018-07-08_20260630_145218_v0100.zarr,41,204,32.8,29.2
DC__2017-0376-MEX__2016-08-30__2018-08-30_20260630_145627_v0100.zarr,9,58,15.5,0.0
DC__2017-0498-MEX-P__2016-09-26__2018-09-26_20260701_051235_v0100.zarr,6,87,6.9,0.0
DC__2017-0498-MEX__2016-09-26__2018-09-26_20260630_151214_v0100.zarr,6,87,6.9,0.0
DC__2017-0569-IND-D__2016-05-28__2018-05-28_20260701_051515_v0100.zarr,11,147,8.8,1.4
DC__2017-0569-IND__2016-05-28__2018-05-28_20260630_151330_v0100.zarr,31,155,25.6,6.7
DC__2018-0132-KEN-D__2017-03-14__2019-03-14_20260701_052641_v0100.zarr,5,157,5.9,3.3
DC__2018-0132-KEN__2017-03-14__2019-03-14_20260630_152121_v0100.zarr,10,269,7.1,3.5
DC__2018-0133-SOM-D__2017-04-01__2019-04-01_20260701_052851_v0100.zarr,3,114,2.9,0.2
DC__2018-0133-SOM__2017-04-01__2019-04-01_20260630_152430_v0100.zarr,4,117,11.0,8.7
DC__2019-0413-ESP__2018-09-11__2020-09-11_20260630_175325_v0100.zarr,1,324,1.4,1.4
